Timestamp,PCI,EARFCN,NR-PCI,num_of_neis,RSRP,RSRQ,RSRP1,RSRQ1,RSRP2,RSRQ2,nr-RSRP,nr-RSRQ,nr-RSRP1,nr-RSRQ1,nr-RSRP2,nr-RSRQ2,eventA1,eventA2,E-UTRAN-eventA3,eventA5,eventA6,NR-eventA3,eventB1-NR-r15,reportCGI,reportStrongestCells,Conn_Rel,Conn_Req,LTE_HO,MN_HO,MN_HO_to_eNB,SN_setup,SN_Rel,SN_HO,RLF_II,RLF_III,SCG_RLF,Add_SCell,RLF_cause,dl-loss,ul-loss,dl-exc-lat,ul-exc-lat,dl-latency,ul-latency
2023-03-26 17:26:01,None,None,None,1,-98.3125,-13.1875,-99.4375,-15.4375,0,0,-92.98033333333332,-15.369833333333332,-91.91933333333333,-14.772166666666665,-95.86983333333335,-16.805833333333336,0,0,0,0,0,0,0,0,0,0,0,0,0,0,0,0,0,0,0,0,0,,0.0,0.0,0.0,1.0,0.009026433333333335,0.213560286
2023-03-26 17:26:02,None,None,None,1,-97.75,-12.3125,-103.375,-17.5,0,0,-89.35928571428572,-14.019000000000002,-90.98657142857144,-15.126142857142854,-94.8094,-17.478199999999998,0,0,0,0,0,0,0,0,0,0,0,0,0,0,0,0,0,0,0,0,0,,0.0,0.0,0.0,1.0,0.008710268000000004,0.212687398
2023-03-26 17:26:03,None,None,None,0,-97.75,-12.3125,0,0,0,0,-88.66516666666666,-13.076666666666668,-93.71475000000001,-17.183749999999996,-94.54716666666667,-19.074166666666667,0,0,0,0,0,0,0,0,0,0,0,0,0,0,0,0,0,0,0,0,0,,0.0,0.0,0.0,1.0,0.008753167999999997,0.213046406
2023-03-26 17:26:04,None,None,None,1,-98.60416666666667,-13.104166666666666,-103.89583333333333,-17.5,0,0,-93.19916666666667,-14.803333333333333,-93.77483333333333,-14.579666666666668,-95.20833333333333,-16.698,0,0,0,0,0,0,0,0,0,0,0,0,0,0,0,0,0,0,0,0,0,,0.0,0.0,0.0,1.0,0.008720640000000002,0.2124561420000001
2023-03-26 17:26:05,None,None,None,1,-100.125,-13.75,-103.8125,-17.875,0,0,-90.06366666666668,-13.371166666666667,-93.26549999999999,-16.278666666666666,-95.75783333333334,-17.222833333333334,0,0,0,0,0,0,0,0,0,0,0,0,0,0,0,0,0,0,0,0,0,,0.0,0.0,0.0,1.0,0.009195136000000008,0.213265034
2023-03-26 17:26:06,None,None,None,1,-99.5625,-14.3125,-101.875,-16.0625,0,0,-91.70885714285714,-14.121571428571428,-93.20100000000001,-16.13842857142857,-94.787,-17.018857142857144,0,0,0,0,0,0,0,0,0,0,0,0,0,0,0,0,0,0,0,0,0,,0.0,0.0,0.0,1.0,0.009164162,0.2127543599999998
2023-03-26 17:26:07,None,None,None,1,-99.9375,-14.0,-97.75,-14.0,0,0,-92.0075,-14.934833333333332,-92.35000000000001,-15.326666666666668,-101.23966666666666,-19.47266666666667,0,0,0,0,0,0,0,0,0,0,0,0,0,0,0,0,0,0,0,0,0,,0.0,0.0,0.0,1.0,0.009517260000000001,0.21304326599999998
2023-03-26 17:26:08,None,None,None,1,-96.625,-12.8125,-99.25,-14.25,0,0,-92.89049999999999,-15.909,-91.48716666666667,-15.157333333333332,-93.89949999999999,-18.365666666666666,0,0,0,0,0,0,0,0,0,0,0,0,0,0,0,0,0,0,0,0,0,,0.0,0.0,0.0,1.0,0.010613279999999998,0.2132764820000001
2023-03-26 17:26:09,378,3050,None,1,-95.625,-10.875,-101.9375,-17.25,0,0,-94.06516666666668,-17.501166666666666,-89.88416666666666,-14.268166666666668,-93.9335,-15.574,0,0,0,0,0,0,0,0,0,0,0,0,0,0,0,0,0,0,0,0,0,,0.0,0.0,0.0,1.0,0.009415298000000008,0.21333467399999997
2023-03-26 17:26:10,378,3050,362,2,-97.1125,-12.7125,-95.825,-14.9375,-100.125,-20.0625,-90.66016666666667,-14.972666666666667,-88.2735,-13.246500000000001,-94.168,-16.453,0,0,0,0,0,0,0,0,0,0,0,0,0,0,0,0,0.327049,0,0,0,0,,0.0,0.0,0.0,1.0,0.008463632,0.21648573199999996
2023-03-26 17:26:11,378,3050,362,0,-97.1125,-12.7125,0,0,0,0,-86.4262857142857,-13.292428571428573,-91.40200000000002,-17.66842857142857,-95.64850000000001,-18.36325,0,0,0,0,0,0,0,0,0,0,0,0,0,0,0,0,0,0,0,0,0,,0.0,0.0,0.0,1.0,0.009763444000000005,0.21209185000000005
2023-03-26 17:26:12,378,3050,362,2,-92.5625,-12.53125,-88.96875,-10.59375,-99.15625,-18.5,-85.30733333333332,-12.988166666666666,-91.05866666666668,-16.842666666666663,-91.4654,-16.962400000000002,0,0,0,0,0,0,0,0,0,0,0,0,0,0,0,0,0,0,0,0,0,,0.0,0.0,0.0,1.0,0.008751706000000012,0.21324378999999996
2023-03-26 17:26:13,378,3050,362,2,-93.625,-12.34375,-89.53125,-9.90625,-101.0,-21.3125,-85.41666666666667,-13.399833333333333,-86.56633333333333,-15.865833333333333,-115.20333333333333,-26.447666666666667,0,0,0,0,0,0,0,0,0,0,0,0,0,0,0,0,0,0,0,0,0,,0.0,0.0,0.0,1.0,0.008563933999999992,0.21493710000000002
2023-03-26 17:26:14,362,3050,362,2,-92.75,-10.479166666666666,-94.95833333333333,-12.6875,-100.29166666666667,-19.645833333333332,-85.18083333333333,-14.458166666666665,-82.96199999999999,-13.005166666666668,-89.633,-16.93,0,0,0,0,0,0,0,0,0,0,0,0,0.034309,0,0,0,0,0,0,0,0.034309,,0.0,0.002,0.0,0.998,0.01298959000000001,0.21832780160320653
2023-03-26 17:26:15,362,3050,362,2,-91.75,-10.3125,-99.1875,-16.25,-101.6875,-13.1875,-82.53916666666666,-13.707166666666666,-84.20183333333334,-14.26183333333333,-87.54433333333333,-17.791666666666668,0,0,0,0,0,0,0,0,0,0,0,0,0,0,0,0,0,0,0,0,0,,0.0,0.0,0.0,1.0,0.008649950000000005,0.21181215399999995
2023-03-26 17:26:16,362,3050,362,3,-87.125,-9.3125,-95.5,-14.3125,-97.125,-18.0625,-80.173,-12.435285714285714,-83.2812857142857,-14.522285714285715,-86.9766,-17.9376,0,0,0,0,0,0,0,0,0,0,0,0,0,0,0,0,0,0,0,0,0,,0.0,0.0,0.0,1.0,0.011020893999999996,0.21455313199999998
2023-03-26 17:26:17,362,3050,362,3,-90.125,-9.375,-90.8125,-10.4375,-99.875,-16.625,-86.45166666666667,-14.002666666666668,-85.13033333333334,-14.617166666666668,-87.67449999999998,-17.205666666666666,0,0,0,0,0,0,0,0,0,0,0,0,0,0,0,0,0,0,0,0,0,,0.0,0.0,0.0,1.0,0.008999561999999997,0.21233828600000013
2023-03-26 17:26:18,362,3050,362,3,-92.0,-9.875,-97.4375,-16.3125,-98.125,-20.0625,-83.94533333333334,-14.100166666666667,-86.9335,-16.692666666666668,-89.16433333333333,-14.901000000000002,0,0,0,0,0,0,0,0,0,0,0,0,0,0,0,0,0,0,0,0,0,,0.0,0.0,0.0,1.0,0.007982298000000004,0.2142895639999999
2023-03-26 17:26:19,362,3050,362,0,-92.0,-9.875,0,0,0,0,-87.72899999999998,-14.5105,-83.944,-13.774833333333335,-90.406,-15.094,0,0,0,0,0,0,0,0,0,0,0,0,0,0,0,0,0,0,0,0,0,,0.0,0.0,0.0,1.0,0.008336242000000008,0.21397291799999998
2023-03-26 17:26:20,362,3050,362,3,-90.25,-9.9375,-93.875,-13.5625,-96.875,-20.375,-87.36485714285713,-15.57042857142857,-85.43085714285714,-14.085857142857142,-89.59371428571428,-15.172857142857143,0,0,0,0,0,0,0,0,0,0,0,0,0,0,0,0,0,0,0,0,0,,0.0,0.0,0.0,1.0,0.00875816,0.21187786199999983
2023-03-26 17:26:21,362,3050,362,3,-86.75,-9.625,-90.9375,-12.3125,-98.875,-19.625,-81.73966666666665,-13.543000000000001,-88.69283333333333,-15.738166666666666,-88.79433333333333,-16.638,0,0,0,0,0,0,0,0,0.202982,0,0,0,0,0,0,0,0,0,0,0,0,,0.0,0.0,0.0,1.0,0.009116491999999999,0.21447990799999994
2023-03-26 17:26:22,362,3050,362,3,-90.3125,-10.0,-94.8125,-12.0,-95.5,-18.8125,-80.21483333333335,-12.053333333333333,-87.69266666666668,-18.343999999999998,-103.5096,-21.046799999999998,0,0,0,0,0,0,0,0,0,0,0,0,0,0,0,0,0,0,0,0,0,,0.0,0.0,0.0,1.0,0.008087317999999994,0.21524040000000003
2023-03-26 17:26:23,362,3050,362,3,-89.125,-8.625,-99.4375,-19.625,-99.625,-13.25,-81.94666666666667,-12.296833333333334,-85.91416666666665,-16.472666666666665,-89.5,-17.0,0,0,0,0,0,0,0,0,0,0,0,0,0,0,0,0,0,0,0,0,0,,0.0,0.0,0.0,1.0,0.00950846,0.215866616
2023-03-26 17:26:24,362,3050,362,0,-89.125,-8.625,0,0,0,0,-83.426,-12.4465,-89.94783333333334,-17.9415,-95.83316666666666,-19.804666666666666,0,0,0,0,0,0,0,0,0,0,0,0,0,0,0,0,0,0,0,0,0,,0.0,0.0,0.0,1.0,0.009154354000000005,0.214913314
2023-03-26 17:26:25,362,3050,362,3,-94.09375,-9.25,-96.53125,-13.25,-102.125,-17.34375,-85.96985714285714,-14.13957142857143,-86.45414285714286,-15.915142857142857,-88.09271428571428,-17.366000000000003,0,0,0,0,0,0,0,0,0,0,0,0,0,0,0,0,0,0,0,0,0,,0.0,0.0,0.0,1.0,0.009231646000000007,0.212458598
2023-03-26 17:26:26,362,3050,362,4,-93.0625,-10.0625,-98.9375,-15.3125,-101.0625,-17.75,-87.53516666666667,-16.005333333333333,-87.9156,-16.5532,-88.00000000000001,-15.9438,0,0,0,0,0,0,0,0,0,0,0,0,0,0,0,0,0,0,0,0,0,,0.0,0.0,0.0,1.0,0.008745252000000002,0.21171245399999997
2023-03-26 17:26:27,362,3050,362,4,-93.0625,-10.875,-98.5,-16.8125,-99.6875,-17.4375,-88.08066666666666,-16.825333333333333,-86.84616666666666,-16.221333333333334,-87.6915,-15.959666666666665,0,0,0,0,0,0,0,0,0,0,0,0,0,0,0,0,0,0,0,0,0,,0.0,0.0,0.0,1.0,0.008916120000000001,0.21174813800000009
2023-03-26 17:26:28,362,3050,362,5,-87.28125,-9.5625,-93.65625,-15.8125,-96.6875,-19.25,-87.48049999999999,-16.581999999999997,-86.61566666666666,-15.256499999999997,-87.25,-15.418,0,0,0,0,0,0,0,0,0,0,0,0,0,0,0,0,0,0,0,0,0,,0.0,0.0,0.0,1.0,0.009529864,0.21174101200000012
2023-03-26 17:26:29,362,3050,362,0,-87.28125,-9.5625,0,0,0,0,-87.48183333333333,-16.745,-85.47783333333335,-15.247333333333332,-86.781,-15.508,0,0,0,0,0,0,0,0,0,0,0,0,0,0,0,0,0,0,0,0,0,,0.0,0.0,0.0,1.0,0.009429388000000009,0.21175101599999988
2023-03-26 17:26:30,362,3050,350,5,-88.875,-10.765625,-93.421875,-14.53125,-97.65625,-18.015625,-88.13828571428573,-16.61814285714286,-85.076,-13.9415,-86.51833333333333,-16.648333333333333,0,0,0,0,0,0.533871,0,0,0,0,0,0,0,0,0,0,0.581271,0,0,0,0,,0.0,0.0,0.0,1.0,0.011506609999999988,0.21256624999999993
2023-03-26 17:26:31,362,3050,350,0,-88.875,-10.765625,0,0,0,0,-87.70966666666668,-16.572833333333335,-84.82666666666667,-14.953166666666668,-88.33733333333333,-17.2215,0,0,0,0,0,0,0,0,0,0,0,0,0,0,0,0,0,0,0,0,0,,0.0,0.0,0.0,1.0,0.011398833999999997,0.2140622360000001
2023-03-26 17:26:32,362,3050,350,4,-88.75,-9.25,-95.6875,-15.5625,-96.9375,-16.6875,-94.27483333333333,-19.006666666666664,-86.40366666666665,-14.5535,-90.717,-16.6115,0,0,0,0,0,0.993869,0,0,0,0,0,0,0,0,0,0,0,0,0,0,0,,0.0,0.0,0.0,1.0,0.008812520000000004,0.21197611600000021
2023-03-26 17:26:33,362,3050,362,4,-85.5625,-8.833333333333334,-95.03125,-15.9375,-96.83333333333333,-16.791666666666668,-86.4115,-14.709666666666665,-87.94400000000002,-17.448,-89.8595,-17.3985,0,0,0,0,0,0,0,0,0,0,0,0,0,0,0,0,0.039209,0,0,0,0,,0.0,0.0,0.0,1.0,0.011469086,0.21450101999999993
2023-03-26 17:26:34,362,3050,362,3,-86.0,-7.9375,-102.3125,-19.9375,-102.3125,-19.9375,-83.09400000000001,-14.112,-90.16283333333335,-20.257833333333334,-90.75399999999999,-20.456999999999997,0,0,0,0,0,0,0,0,0,0,0,0,0,0,0,0,0,0,0,0,0,,0.0,0.0,0.0,1.0,0.008917871999999993,0.21240747799999998
2023-03-26 17:26:35,362,3050,362,3,-91.5625,-8.125,-96.375,-15.8125,-99.4375,-18.375,-81.08716666666665,-12.636833333333334,-89.75800000000001,-19.9765,-92.73549999999999,-20.176833333333335,0,0,0,0,0,0,0,0,0,0,0,0,0,0,0,0,0,0,0,0,0,,0.0,0.0,0.0,1.0,0.009253069999999999,0.21378732999999986
2023-03-26 17:26:36,362,3050,362,3,-89.875,-7.9375,-95.9375,-15.6875,-100.625,-20.8125,-76.77,-11.743285714285715,-98.051,-26.5,-105.78557142857143,-24.63614285714286,0,0,0,0,0,0,0,0,0,0,0,0,0,0,0,0,0,0,0,0,0,,0.0,0.0,0.0,1.0,0.008766358000000014,0.213421144
2023-03-26 17:26:37,362,3050,362,0,-89.875,-7.9375,0,0,0,0,-75.82166666666667,-10.982999999999999,-86.707,-14.1955,-94.85149999999999,-19.362333333333336,0,0,0,0,0,0,0,0,0,0,0,0,0,0,0,0,0,0,0,0,0,,0.0,0.0,0.0,1.0,0.009213240000000001,0.2135776813627254
2023-03-26 17:26:38,362,3050,362,2,-92.6875,-9.6875,-95.90625,-17.96875,-96.71875,-19.0625,-72.84533333333333,-10.8035,-112.40483333333333,-24.789,-115.42575,-26.753999999999998,0,0,0,0,0,0,0,0,0,0,0,0,0,0,0,0,0,0,0,0,0,,0.0,0.0,0.0,1.0,0.008828250501001996,0.21329780399999995
2023-03-26 17:26:39,362,3050,362,3,-83.0,-8.3125,-96.3125,-20.0,-96.625,-20.5,-73.51799999999999,-10.773333333333333,-84.9375,-17.5235,-102.461,-25.33775,0,0,0,0,0,0,0,0,0,0,0,0,0,0,0,0,0,0,0,0,0,,0.0,0.0,0.0,1.0,0.008992570000000002,0.2114460040000002
2023-03-26 17:26:40,362,3050,362,3,-86.5,-9.8125,-97.125,-18.0,-98.5625,-20.8125,-77.17583333333333,-11.295499999999999,-108.7755,-23.879,-114.73583333333335,-30.236833333333333,0,0,0,0,0,0,0,0,0,0,0,0,0,0,0,0,0,0,0,0,0,,0.0,0.0,0.0,1.0,0.009251670000000002,0.211887552
2023-03-26 17:26:41,362,3050,362,4,-78.125,-7.875,-86.375,-17.0625,-90.9375,-19.125,-74.15742857142857,-10.824714285714283,-108.0685,-27.041249999999998,-115.23033333333335,-28.383,0,0,0,0,0,0,0,0,0,0,0,0,0,0,0,0,0,0,0,0,0,,0.0,0.0,0.0,1.0,0.008981356000000006,0.21200883600000003
2023-03-26 17:26:42,362,3050,362,4,-77.9375,-7.8125,-88.25,-17.25,-92.375,-19.25,-72.28366666666666,-10.653833333333333,-90.0,-20.508,-117.00399999999999,-30.539,0,0,0,0,0,0,0,0,0,0,0,0,0,0,0,0,0,0,0,0,0,,0.0,0.0,0.0,1.0,0.008736403999999993,0.212501564
2023-03-26 17:26:43,362,3050,362,4,-82.1875,-7.25,-91.1875,-16.9375,-94.4375,-20.3125,-73.25133333333333,-10.730500000000001,-126.45183333333334,-30.563666666666666,0,0,0,0,0,0,0,0,0,0,0,0,0,0,0,0,0,0,0,0,0,0,0,,0.0,0.0,0.0,1.0,0.008934743999999994,0.211678364
2023-03-26 17:26:44,362,3050,362,4,-81.375,-6.875,-94.1875,-19.125,-94.3125,-19.25,-75.65350000000001,-11.026000000000002,-100.58716666666665,-23.108166666666662,0,0,0,0,0,0,0,0,0,0,0,0,0,0,0,0,0,0,0,0,0,0,0,,0.0,0.0,0.0,1.0,0.008867284000000001,0.21243746799999988
2023-03-26 17:26:45,362,3050,362,4,-85.125,-7.4375,-97.21875,-18.5,-99.21875,-20.71875,-72.47266666666667,-10.733166666666667,-135.32850000000002,-32.5155,0,0,0,0,0,0,0,0,0,0,0,0,0,0,0,0,0,0,0,0,0,0,0,,0.0,0.0,0.0,1.0,0.009041359999999995,0.21304129799999985
2023-03-26 17:26:46,362,3050,362,0,-85.125,-7.4375,0,0,0,0,-73.19514285714286,-10.761142857142858,-83.857,-19.612,0,0,0,0,0,0,0,0,0,0,0,0,0,0,0,0,0,0,0,0,0,0,0,,0.0,0.0,0.0,1.0,0.008744789999999997,0.21189984600000003
2023-03-26 17:26:47,362,3050,362,4,-91.8125,-9.03125,-96.78125,-16.625,-98.40625,-17.1875,-78.07950000000001,-11.841,-80.802,-16.225166666666667,0,0,0,0,0,0,0,0,0,0,0,0,0,0,0,0,0,0,0,0,0,0,0,,0.0,0.0,0.0,1.0,0.009006664000000008,0.212396508
2023-03-26 17:26:48,362,3050,362,4,-87.6875,-8.125,-94.6875,-15.3125,-99.125,-19.9375,-76.53016666666667,-12.205833333333333,-83.371,-14.785166666666669,0,0,0,0,0,0,0,0,0,0,0,0,0,0,0,0,0,0,0,0,0,0,0,,0.0,0.0,0.0,1.0,0.008174204000000001,0.21399548199999985
2023-03-26 17:26:49,362,3050,362,4,-84.5,-7.5625,-96.0625,-16.875,-103.375,-21.25,-74.6835,-11.490833333333333,-89.78133333333334,-18.19033333333333,-109.88416666666666,-24.867333333333335,0,0,0,0,0,0,0,0,0,0,0,0,0,0,0,0,0,0,0,0,0,,0.0,0.0,0.0,1.0,0.008903221999999999,0.21303868600000003
2023-03-26 17:26:50,362,3050,362,4,-88.0,-9.5625,-96.4375,-16.25,-96.8125,-19.875,-74.89642857142857,-11.070285714285713,-84.2432857142857,-18.064714285714285,-139.4065,-35.7965,0,0,0,0,0,0,0,0,0,0,0,0,0,0,0,0,0,0,0,0,0,,0.0,0.0,0.0,1.0,0.008822679999999998,0.21172739200000007
2023-03-26 17:26:51,362,3050,362,0,-88.0,-9.5625,0,0,0,0,-77.38666666666667,-11.775999999999998,-83.57816666666666,-16.369666666666667,0,0,0,0,0,0,0,0,0,0,0,0,0,0,0,0,0,0,0,0,0,0,0,,0.0,0.0,0.0,1.0,0.009119869999999997,0.21262032800000008
2023-03-26 17:26:52,362,3050,362,4,-91.0625,-11.0,-93.3125,-15.25,-96.3125,-16.9375,-79.34766666666665,-13.110666666666667,-83.35640000000001,-16.653,-84.30319999999999,-15.139000000000001,0,0,0,0,0,0,0,0,0,0,0,0,0,0,0,0,0,0,0,0,0,,0.0,0.0,0.0,1.0,0.008918527999999997,0.213563988
2023-03-26 17:26:53,73,3050,362,4,-85.225,-12.95,-79.85,-12.5,-89.625,-21.1125,-80.2548,-15.2828,-74.8406,-13.25,-86.5592,-19.397000000000002,0,0,0.765084,0,0,0.753836,0,0,0,0,0,0,0,0.845279,0,0,0,0,0,0,0.845279,,0.0,0.0,0.0,1.0,0.009373937999999995,0.21383895600000022
2023-03-26 17:26:54,73,3050,73,3,-76.97916666666667,-9.770833333333334,-90.08333333333333,-19.791666666666668,-91.45833333333333,-17.6875,-75.66266666666667,-11.918999999999999,-75.0,-11.5,-86.13714285714286,-20.26342857142857,0.008968,0,0,0,0,0,0.08916,0,0,0,0,0,0,0,0.137075,0,0,0,0,0,0.137075,,0.0,0.004,0.04,0.996,0.025523215999999998,0.22663080321285148
2023-03-26 17:26:55,73,3050,73,0,-76.97916666666667,-9.770833333333334,0,0,0,0,-83.53383333333333,-14.3035,-81.27866666666667,-15.22916666666667,-88.7345,-20.203,0,0,0,0,0,0,0,0,0,0,0,0,0,0,0,0,0,0,0,0,0,,0.0,0.0,0.0,1.0,0.011528006000000009,0.21612395399999995
2023-03-26 17:26:56,370,3050,370,6,-97.73958333333333,-14.302083333333334,-96.28125,-14.140625,-97.94791666666667,-16.885416666666668,-90.22649999999999,-16.763166666666667,-79.81,-12.338666666666667,-89.98140000000001,-19.353199999999998,0,0,0.61795,0,0,0.433801,0,0,0,0,0,0,0.663301,0,0,0,0.500289,0,0,0,0.663301,,0.0,0.0,0.0,1.0,0.011944784000000003,0.2164476059999999
2023-03-26 17:26:57,370,3050,370,5,-101.14583333333333,-15.0625,-99.85416666666667,-15.5625,-101.70833333333333,-16.208333333333332,-83.66816666666666,-12.632999999999997,-90.74616666666668,-18.505333333333333,-94.562,-21.359,0,0,0,0,0,0,0,0,0,0,0,0,0,0,0,0,0,0,0,0,0,,0.0,0.002,0.112,0.998,0.03444959999999999,0.2185362625250499
2023-03-26 17:26:58,370,3050,370,5,-93.3125,-14.5625,-93.75,-15.125,-95.4375,-15.90625,-76.35585714285715,-11.617285714285716,-94.97,-20.647142857142857,-99.90614285714287,-25.484428571428573,0,0,0,0,0,0,0,0,0,0,0,0,0,0,0,0,0,0,0,0,0,,0.0,0.0,0.0,1.0,0.008199627999999999,0.21319095000000007
2023-03-26 17:26:59,370,3050,370,4,-110.34375,-22.760416666666668,-90.875,-11.666666666666666,-101.11458333333333,-19.385416666666668,-90.55216666666666,-14.983166666666664,-90.8385,-19.007833333333334,-94.535,-18.7735,0,0,0.674018,0,0,0,0,0,0,0,0,0,0,0,0,0,0,0,0,0,0,,0.0,0.0,0.0,1.0,0.009292991999999996,0.21347386600000007
2023-03-26 17:27:00,49,3650,370,7,-115.015625,-26.9609375,-91.9375,-15.375,-92.6875,-18.0625,-100.35933333333332,-19.083333333333332,-91.53899999999999,-13.427333333333332,-98.508,-18.008,0,0,0.16891,0,0,0.233811,0,0,0,0,0,0,0,0,0,0,0,0.811357,0,0,0.917127,otherFailure,0.0,0.002,0.0,0.998,0.008602537999999995,0.21543262324649312
2023-03-26 17:27:01,180,3650,73,8,-95.03125,-16.69375,-88.8125,-14.3125,-92.76785714285714,-18.151785714285715,-87.26774999999999,-10.87525,-87.0,-11.008,0,0,0.088944,0,0.557982,0,0,0,0.248972,0,0,0,0,0,0.657705,0,0.298841,0,0,0,0,0,0.298841,,0.39,0.004,0.064,0.996,0.03427477049180328,0.4006126004016065
2023-03-26 17:27:02,73,3650,73,7,-85.65,-12.0125,-81.0,-12.5625,-88.79166666666667,-17.9375,-76.79949999999998,-10.642166666666666,0,0,0,0,0,0,0.145821,0,0,0,0,0,0.160027,0,0,0,0.203219,0,0,0,0,0,0,0,0.203219,,0.0,0.004,0.08,0.996,0.029420359999999996,0.2262655582329317
2023-03-26 17:27:03,73,3650,73,4,-89.5625,-13.1875,-86.9375,-12.5625,-93.0,-15.9375,-81.45700000000001,-10.778833333333333,0,0,0,0,0,0,0,0,0,0,0,0,0,0,0,0,0,0,0,0,0,0,0,0,0,,0.0,0.0,0.0,1.0,0.008542924000000006,0.21527349200000004
2023-03-26 17:27:04,73,3650,73,4,-101.5625,-19.0,-91.0625,-15.6875,-93.25,-17.3125,-88.14071428571427,-11.657428571428573,-97.15366666666667,-19.044,0,0,0,0,0.965813,0,0,0,0,0,0,0,0,0,0,0,0,0,0,0,0,0,0,,0.0,0.0,0.0,1.0,0.009180151999999995,0.21596344399999992
2023-03-26 17:27:05,73,3650,73,7,-103.45192307692308,-21.942307692307693,-89.8798076923077,-15.033653846153847,-93.59134615384616,-17.08173076923077,-92.789,-12.406166666666666,-107.25025000000001,-21.490000000000002,0,0,0,0,0.138951,0,0,0,0,0,0,0,0,0,0,0,0,0,0,0,0,0,0,,0.038,0.0,0.0,1.0,0.008383613305613298,0.21512044800000008
2023-03-26 17:27:06,180,3650,73,4,-99.43229166666667,-20.369791666666668,-90.63125,-13.61875,-95.421875,-18.036458333333332,-93.60283333333335,-12.559833333333335,-105.12733333333331,-18.93766666666667,0,0,0,0,0.018931,0,0,0,0,0,0.660726,0,0,0,0.514269,0,0,0,0,0,0,0,0.514269,,1.0,0.002,0.0,0.998,0.008383613305613298,0.2152526412825651
2023-03-26 17:27:07,180,3650,73,2,-87.875,-11.125,-96.3125,-16.5625,-100.5625,-20.8125,-93.32016666666665,-12.397166666666665,-100.17775,-18.1775,0,0,0,0,0,0,0,0,0,0,0,0,0,0,0,0,0,0,0,0,0,0,0,,0.264,0.002,0.024,0.998,0.019639190217391304,0.22688248096192384
2023-03-26 17:27:08,180,3650,73,2,-88.5625,-10.5625,-97.6875,-16.8125,-100.0625,-20.8125,-93.92314285714285,-12.601571428571427,-98.47399999999999,-17.593666666666667,0,0,0,0,0,0,0,0,0,0,0.157963,0,0,0,0,0,0,0,0,0,0,0,0,,0.0,0.0,0.0,1.0,0.008857187999999995,0.21559717599999995
2023-03-26 17:27:09,180,3650,73,2,-89.4375,-9.71875,-96.6875,-16.5625,-102.15625,-22.28125,-95.20983333333334,-13.25783333333333,-101.383,-17.797,-102.87383333333334,-17.1965,0,0,0,0,0,0,0,0,0,0,0,0,0,0,0,0,0,0,0,0,0,,0.0,0.0,0.0,1.0,0.009574399999999988,0.2156423
2023-03-26 17:27:10,180,3650,73,2,-85.875,-10.375,-98.0,-18.3125,-99.3125,-20.5,-96.61983333333335,-13.876166666666665,-101.224,-17.665166666666664,-103.2062,-19.3986,0,0,0,0,0,0,0,0,0,0,0,0,0,0,0,0,0,0,0,0,0,,0.0,0.0,0.0,1.0,0.008904446000000002,0.21513835199999992
2023-03-26 17:27:11,180,3650,73,0,-85.875,-10.375,0,0,0,0,-97.11966666666666,-14.411500000000002,-98.96999999999998,-16.800833333333333,0,0,0,0,0,0,0,0,0,0,0,0,0,0,0,0,0,0,0,0,0,0,0,,0.0,0.0,0.0,1.0,0.011645602,0.2154686740000002
2023-03-26 17:27:12,180,3650,73,3,-87.9375,-9.75,-91.3125,-12.0,-99.5625,-19.75,-97.83983333333333,-14.960833333333333,-100.11083333333333,-17.108,0,0,0,0,0,0,0,0,0,0,0,0,0,0,0,0,0,0,0,0,0,0,0,,0.0,0.0,0.0,1.0,0.011406805999999997,0.21562974599999996
2023-03-26 17:27:13,180,3650,73,3,-87.0625,-10.4375,-93.8125,-16.25,-95.625,-21.4375,-98.09000000000002,-15.144499999999999,-98.09383333333334,-15.923333333333332,-103.91933333333334,-18.130333333333333,0,0,0,0,0,0,0,0,0,0,0,0,0,0,0,0,0,0,0,0,0,,0.0,0.0,0.0,1.0,0.00920505,0.2158548840000001
2023-03-26 17:27:14,180,3650,73,3,-84.78125,-10.9375,-93.5625,-16.28125,-94.25,-17.34375,-98.82257142857144,-15.436285714285715,-103.02685714285715,-18.290142857142857,-106.3495,-20.1405,0,0,0,0,0,0,0,0,0,0,0,0,0,0,0,0,0,0,0,0,0,,0.0,0.0,0.0,1.0,0.008943947999999993,0.215613214
2023-03-26 17:27:15,180,3650,73,3,-89.0625,-11.125,-97.875,-17.125,-98.1875,-20.1875,-99.72916666666667,-16.507833333333334,-100.39066666666668,-17.746166666666667,-101.05716666666666,-19.1955,0,0,0,0,0,0,0,0,0,0,0,0,0,0,0,0,0,0,0,0,0,,0.0,0.0,0.0,1.0,0.008409147999999997,0.21576076400000008
2023-03-26 17:27:16,180,3650,73,0,-89.0625,-11.125,0,0,0,0,-100.202,-17.085666666666665,-98.543,-15.966166666666666,-103.992,-20.016,0,0,0,0,0,0,0,0,0,0,0,0,0,0,0,0,0,0,0,0,0,,0.0,0.0,0.0,1.0,0.00876836,0.2161120400000001
2023-03-26 17:27:17,180,3650,73,3,-84.5,-10.4375,-94.5625,-17.5,-95.4375,-17.875,-99.09383333333334,-16.261666666666667,-100.34249999999999,-16.7265,-134.555,-30.719,0,0,0,0,0,0,0,0,0,0,0,0,0,0,0,0,0,0,0,0,0,,0.0,0.0,0.0,1.0,0.008907882000000004,0.21587646599999988
2023-03-26 17:27:18,180,3650,73,3,-84.71875,-10.34375,-95.15625,-17.25,-95.90625,-18.3125,-99.94085714285714,-15.637428571428572,-99.8717142857143,-16.663,0,0,0,0,0,0,0,0,0,0,0,0,0,0,0,0,0,0,0,0,0,0,0,,0.0,0.0,0.0,1.0,0.008964424,0.2159432440000001
2023-03-26 17:27:19,180,3650,73,2,-84.5625,-9.3125,-94.5,-16.5,-95.8125,-17.75,-99.104,-15.187499999999998,-101.72383333333333,-17.724,0,0,0,0,0,0,0,0,0,0,0,0,0,0,0,0,0,0,0,0,0,0,0,,0.0,0.0,0.0,1.0,0.009082559999999996,0.2157449139999999
2023-03-26 17:27:20,180,3650,73,2,-85.625,-9.75,-95.375,-17.125,-95.5,-17.0,-99.00516666666668,-15.237,-105.74083333333334,-20.5195,0,0,0,0,0,0,0,0,0,0,0,0,0,0,0,0,0,0,0,0,0,0,0,,0.0,0.0,0.0,1.0,0.009296282565130265,0.2154380160320642
2023-03-26 17:27:21,180,3650,73,0,-85.625,-9.75,0,0,0,0,-99.14066666666668,-15.235666666666665,-100.8175,-17.665333333333333,0,0,0,0,0,0,0,0,0,0,0,0,0,0,0,0,0,0,0,0,0,0,0,,0.0,0.0,0.0,1.0,0.009215337999999995,0.21621619799999994
2023-03-26 17:27:22,180,3650,73,2,-85.4375,-11.375,-96.9375,-19.875,-98.15625,-21.03125,-96.90366666666667,-13.892166666666668,-100.461,-17.46483333333333,0,0,0,0,0,0,0,0,0,0,0,0,0,0,0,0,0,0,0,0,0,0,0,,0.0,0.0,0.0,1.0,0.008926156000000001,0.21614080400000008
2023-03-26 17:27:23,180,3650,73,2,-84.5,-11.4375,-95.4375,-17.75,-96.375,-18.375,-96.69214285714285,-13.647571428571426,-98.86828571428573,-16.162857142857142,0,0,0,0,0,0,0,0,0,0,0,0,0,0,0,0,0,0,0,0,0,0,0,,0.0,0.0,0.0,1.0,0.00899927199999999,0.21607580000000012
2023-03-26 17:27:24,180,3650,73,2,-85.0625,-8.875,-95.75,-16.75,-96.875,-17.8125,-97.58183333333334,-13.8645,-99.6705,-17.005,0,0,0,0,0,0,0,0,0,0,0,0,0,0,0,0,0,0,0,0,0,0,0,,0.0,0.0,0.0,1.0,0.009091215999999992,0.21682927799999976
2023-03-26 17:27:25,180,3650,73,0,-85.0625,-8.875,0,0,0,0,-98.01316666666666,-14.212166666666667,-100.27483333333332,-16.988333333333333,0,0,0,0,0,0,0,0,0,0,0,0,0,0,0,0,0,0,0,0,0,0,0,,0.0,0.0,0.0,1.0,0.009022476000000003,0.21608192799999987
2023-03-26 17:27:26,180,3650,73,2,-84.96875,-8.28125,-96.53125,-17.75,-96.6875,-17.78125,-99.21749999999999,-14.800833333333335,-102.37766666666666,-17.258,-115.3874,-24.35,0,0,0,0,0,0,0,0,0,0,0,0,0,0,0,0,0,0,0,0,0,,0.0,0.0,0.0,1.0,0.008937636000000011,0.21677916599999983
2023-03-26 17:27:27,180,3650,73,2,-84.6875,-7.9375,-93.875,-16.25,-94.5625,-16.8125,-98.11042857142856,-14.154,-108.61466666666666,-19.544333333333334,-110.67966666666666,-25.995000000000005,0,0,0,0,0,0,0,0,0,0,0,0,0,0,0,0,0,0,0,0,0,,0.0,0.0,0.0,1.0,0.009591477999999999,0.21625033000000016
2023-03-26 17:27:28,180,3650,73,2,-85.5,-8.3125,-94.5625,-16.1875,-95.1875,-16.8125,-98.89966666666668,-14.505166666666666,-100.8775,-17.09266666666667,0,0,0,0,0,0,0,0,0,0,0,0,0,0,0,0,0,0,0,0,0,0,0,,0.0,0.0,0.0,1.0,0.008956211999999998,0.2163175280000001
2023-03-26 17:27:29,180,3650,73,3,-84.84375,-8.4375,-95.0,-16.21875,-95.75,-17.03125,-99.315,-15.073999999999998,-99.32433333333334,-15.51933333333333,0,0,0,0,0,0,0,0,0,0,0,0,0,0,0,0,0,0,0,0,0,0,0,,0.0,0.0,0.0,1.0,0.008809080000000004,0.21649557000000005
2023-03-26 17:27:30,180,3650,73,0,-84.84375,-8.4375,0,0,0,0,-98.56516666666666,-14.588500000000002,-102.01549999999999,-16.527166666666666,0,0,0,0,0,0,0,0,0,0,0,0,0,0,0,0,0,0,0,0,0,0,0,,0.0,0.0,0.0,1.0,0.008771673999999993,0.21590876199999992
2023-03-26 17:27:31,180,3650,73,4,-84.5,-9.25,-95.375,-17.9375,-95.8125,-18.8125,-97.57571428571428,-13.977571428571428,-102.46314285714286,-17.127285714285716,0,0,0,0,0,0,0,0,0,0,0,0,0,0,0,0,0,0,0,0,0,0,0,,0.0,0.0,0.0,1.0,0.008978587999999997,0.21529353599999995
2023-03-26 17:27:32,180,3650,73,4,-84.375,-9.1875,-94.75,-18.1875,-96.6875,-19.625,-96.20449999999998,-13.362,-103.87483333333334,-18.776,0,0,0,0,0,0,0,0,0,0,0,0,0,0,0,0,0,0,0,0,0,0,0,,0.0,0.0,0.0,1.0,0.00888055799999999,0.21618647000000005
2023-03-26 17:27:33,180,3650,73,4,-84.4375,-9.0625,-94.0625,-17.5,-95.21875,-18.21875,-96.59366666666666,-13.280000000000001,-101.93366666666667,-17.673000000000002,0,0,0,0,0,0,0,0,0,0,0,0,0,0,0,0,0,0,0,0,0,0,0,,0.0,0.0,0.0,1.0,0.009103472,0.21709578800000004
2023-03-26 17:27:34,180,3650,73,0,-84.4375,-9.0625,0,0,0,0,-96.98433333333334,-13.588500000000002,-100.125,-15.733166666666667,0,0,0,0,0,0,0,0,0,0,0,0,0,0,0,0,0,0,0,0,0,0,0,,0.0,0.0,0.0,1.0,0.008774690000000005,0.21596286000000006
2023-03-26 17:27:35,180,3650,73,4,-84.1875,-9.1875,-93.1875,-17.125,-94.0,-17.625,-97.528,-13.656285714285714,-101.34942857142856,-15.834999999999999,0,0,0,0,0,0,0,0,0,0,0,0,0,0,0,0,0,0,0,0,0,0,0,,0.0,0.0,0.0,1.0,0.008836406000000003,0.21596739599999998
2023-03-26 17:27:36,180,3650,73,4,-83.625,-8.625,-93.125,-16.5,-94.75,-17.75,-99.37766666666666,-14.393333333333336,-106.4595,-18.907666666666668,0,0,0,0,0,0,0,0,0,0,0,0,0,0,0,0,0,0,0,0,0,0,0,,0.0,0.0,0.0,1.0,0.008492845999999998,0.21601434599999994
2023-03-26 17:27:37,180,3650,73,4,-83.40625,-8.1875,-93.40625,-17.3125,-93.5,-17.46875,-100.98183333333333,-15.628833333333333,-103.71483333333333,-18.040166666666668,0,0,0,0,0,0,0,0,0,0,0,0,0,0,0,0,0,0,0,0,0,0,0,,0.0,0.0,0.0,1.0,0.008627282000000007,0.21648287000000002
2023-03-26 17:27:38,180,3650,73,4,-83.3125,-9.3125,-94.75,-16.375,-95.1875,-17.375,-102.20183333333334,-16.2565,-102.19416666666666,-17.464833333333335,0,0,0,0,0,0,0,0,0,0,0,0,0,0,0,0,0,0,0,0,0,0,0,,0.0,0.0,0.0,1.0,0.00895228800000001,0.217176554
2023-03-26 17:27:39,180,3650,73,0,-83.3125,-9.3125,0,0,0,0,-103.37957142857142,-17.871714285714287,-100.86057142857143,-15.706428571428571,0,0,0,0,0,0,0,0,0,0,0,0,0,0,0,0,0,0,0,0,0,0,0,,0.0,0.0,0.0,1.0,0.008991268000000005,0.21745897599999992
2023-03-26 17:27:40,180,3650,73,4,-83.1875,-9.3125,-92.8125,-19.875,-93.5,-21.25,-102.884,-16.983,-104.09883333333333,-17.874666666666666,0,0,0,0,0,0,0,0,0,0,0,0,0,0,0,0,0,0,0,0,0,0,0,,0.0,0.0,0.0,1.0,0.008705953999999998,0.21846039000000012
2023-03-26 17:27:41,180,3650,73,3,-83.5,-8.78125,-94.1875,-18.625,-97.78125,-20.8125,-102.67450000000001,-17.209666666666664,-102.0885,-17.283833333333334,0,0,0,0,0,0,0,0,0,0,0,0,0,0,0,0,0,0,0,0,0,0,0,,0.0,0.0,0.0,1.0,0.009215474000000005,0.2187836180000001
2023-03-26 17:27:42,180,3650,73,2,-83.875,-9.25,-101.3125,-21.625,-102.0625,-22.875,-103.99633333333334,-18.385666666666665,-99.94916666666666,-15.648333333333335,0,0,0,0,0,0,0,0,0,0,0,0,0,0,0,0,0,0,0,0,0,0,0,,0.0,0.0,0.0,1.0,0.00872646599999999,0.21769495800000008
2023-03-26 17:27:43,180,3650,73,0,-83.875,-9.25,0,0,0,0,-100.73450000000001,-17.306,-99.60033333333332,-15.641833333333333,-105.67199999999998,-19.40733333333333,0,0,0,0,0,0,0,0,0,0,0,0,0,0,0,0,0,0,0,0,0,,0.0,0.0,0.0,1.0,0.012015135999999996,0.21746596999999993
2023-03-26 17:27:44,180,3650,73,2,-85.5625,-8.9375,-100.5,-22.6875,-103.1875,-24.3125,-100.27785714285714,-15.881714285714287,-98.55685714285714,-15.748857142857139,-109.45533333333333,-20.859333333333332,0,0,0,0,0,0,0,0,0,0,0,0,0,0,0,0,0,0,0,0,0,,0.0,0.0,0.0,1.0,0.008063567999999998,0.21676898000000008
2023-03-26 17:27:45,180,3650,73,1,-83.5625,-9.09375,-101.71875,-24.09375,0,0,-99.02233333333334,-16.1825,-98.78649999999999,-15.509,-100.59366666666666,-18.763,0,0,0,0,0,0,0,0,0,0,0,0,0,0,0,0,0,0,0,0,0,,0.0,0.0,0.0,1.0,0.008646233999999997,0.217915174
2023-03-26 17:27:46,180,3650,73,1,-85.125,-9.4375,-99.5625,-18.125,0,0,-98.82033333333334,-16.227833333333333,-98.86200000000001,-15.6745,-99.07050000000001,-16.4765,0,0,0,0,0,0,0,0,0,0,0,0,0,0,0,0,0,0,0,0,0,,0.0,0.0,0.0,1.0,0.008599249999999994,0.21710287599999992
2023-03-26 17:27:47,180,3650,73,1,-88.625,-10.0,-101.9375,-20.4375,0,0,-97.93733333333334,-15.691333333333333,-96.8125,-15.229333333333335,-105.2874,-20.459400000000006,0,0,0,0,0,0,0,0,0,0,0,0,0,0,0,0,0,0,0,0,0,,0.0,0.0,0.0,1.0,0.009594670000000003,0.21632926999999993
2023-03-26 17:27:48,180,3650,73,0,-88.625,-10.0,0,0,0,0,-97.7435,-15.458333333333334,-92.74483333333335,-13.316166666666668,0,0,0,0,0,0,0,0,0,0,0,0,0,0,0,0,0,0,0,0,0,0,0,,0.004,0.0,0.0,1.0,0.01187298192771084,0.21670162199999984
2023-03-26 17:27:49,180,3650,73,1,-82.75,-9.21875,-99.875,-21.375,0,0,-96.93633333333332,-15.138166666666669,-94.17183333333332,-13.419166666666667,-103.63675,-19.91,0,0,0,0,0,0,0,0,0,0,0,0,0,0,0,0,0,0,0,0,0,,0.0,0.0,0.0,1.0,0.008310227999999996,0.21583492599999998
2023-03-26 17:27:50,180,3650,73,1,-85.5625,-8.6875,-98.5,-18.6875,0,0,-98.05333333333334,-15.622500000000002,-95.42716666666668,-13.883000000000001,-103.491,-19.841166666666666,0,0,0,0,0,0,0,0,0,0,0,0,0,0,0,0,0,0,0,0,0,,0.0,0.0,0.0,1.0,0.015299035999999995,0.21612676
2023-03-26 17:27:51,180,3650,73,1,-87.0625,-9.375,-94.625,-17.5,0,0,-100.0222857142857,-16.815714285714286,-99.34942857142856,-15.102714285714285,-103.37585714285714,-19.483,0,0,0,0,0,0,0,0,0,0,0,0,0,0,0,0,0,0,0,0,0,,0.0,0.0,0.0,1.0,0.01005694199999999,0.21668606799999998
2023-03-26 17:27:52,180,3650,73,1,-86.53125,-9.9375,-96.71875,-16.0625,0,0,-100.92716666666666,-17.192666666666668,-99.00766666666668,-15.539166666666667,-100.93766666666666,-18.067666666666668,0,0,0,0,0,0,0,0,0,0,0,0,0,0,0,0,0,0,0,0,0,,0.0,0.0,0.0,1.0,0.008871681999999999,0.21662534800000005
2023-03-26 17:27:53,180,3650,73,1,-88.3125,-12.0,-93.8125,-15.25,0,0,-101.45949999999999,-17.977999999999998,-95.79183333333333,-14.983000000000002,-97.4035,-16.104166666666668,0,0,0,0,0,0.933417,0,0,0,0,0,0,0,0,0,0,0.988984,0,0,0,0,,0.0,0.0,0.0,1.0,0.009058338000000006,0.22327558399999994
2023-03-26 17:27:54,180,3650,16,2,-88.46875,-11.6875,-92.34375,-15.1875,-96.90625,-19.125,-97.42200000000001,-15.303333333333335,-97.10533333333335,-15.856833333333332,-99.47366666666666,-17.377666666666666,0,0,0,0,0,0,0,0,0,0,0,0,0,0,0,0,0,0,0,0,0,,0.0,0.0,0.0,1.0,0.010360891999999993,0.2196351840000002
2023-03-26 17:27:55,180,3650,16,2,-90.375,-9.9375,-97.4375,-16.5,-99.75,-19.125,-99.49099999999999,-16.723285714285716,-96.39071428571431,-14.938571428571427,-99.41533333333332,-17.039166666666663,0,0,0,0,0,0,0,0,0,0,0,0,0,0,0,0,0,0,0,0,0,,0.0,0.0,0.0,1.0,0.009421035999999994,0.21581094799999995
2023-03-26 17:27:56,180,3650,16,2,-87.3125,-10.125,-97.5625,-19.1875,-99.125,-21.0,-100.53383333333333,-17.695333333333338,-93.74616666666667,-13.214833333333333,-100.622,-16.896800000000002,0,0,0,0,0,0.993378,0,0,0,0,0,0,0,0,0,0,0,0,0,0,0,,0.0,0.0,0.0,1.0,0.008616209999999997,0.21523111199999997
2023-03-26 17:27:57,180,3650,180,3,-85.125,-9.145833333333334,-96.10416666666667,-18.875,-97.625,-21.041666666666668,-92.43199999999997,-12.131333333333332,-100.16266666666668,-17.219833333333334,-100.87766666666666,-17.205833333333334,0,0,0,0,0,0,0,0,0,0,0,0,0,0,0,0,0.04007,0,0,0,0,,0.0,0.0,0.0,1.0,0.009933739999999993,0.2164368479999999
2023-03-26 17:27:58,180,3650,180,3,-84.5,-8.5625,-92.6875,-17.25,-96.3125,-20.125,-95.08866666666667,-13.292833333333332,-100.43483333333334,-16.873833333333334,-100.78766666666667,-18.163999999999998,0,0,0,0,0,0,0,0,0,0,0,0,0,0,0,0,0,0,0,0,0,,0.0,0.0,0.0,1.0,0.009201773999999994,0.21408890199999997
2023-03-26 17:27:59,180,3650,180,3,-82.6875,-10.1875,-83.625,-12.625,-90.1875,-20.0,-92.13385714285714,-13.139285714285714,-94.7234,-15.896799999999999,-96.50557142857143,-17.32042857142857,0,0,0,0,0,0,0,0,0,0,0,0,0,0,0,0,0,0,0,0,0,,0.0,0.0,0.0,1.0,0.009182786000000002,0.2137855499999998
2023-03-26 17:28:00,180,3650,180,3,-85.0,-11.0,-84.9375,-13.6875,-92.3125,-20.5,-87.08466666666668,-12.803333333333333,-90.50133333333333,-15.655000000000003,-92.07166666666667,-17.173333333333336,0,0,0,0,0,0,0,0,0,0,0,0,0,0,0,0,0,0,0,0,0,,0.0,0.0,0.0,1.0,0.009011919999999998,0.21332376399999997
2023-03-26 17:28:01,180,3650,180,3,-86.8125,-14.0,-80.09375,-9.125,-91.125,-20.375,-94.86716666666666,-14.938666666666668,-93.48950000000002,-15.095166666666666,-95.755,-15.928333333333335,0,0,0.92388,0,0,0,0,0,0,0,0,0,0.990579,0,0,0,0,0,0,0,0.990579,,0.0,0.0,0.0,1.0,0.009618355999999995,0.2134590339999999
2023-03-26 17:28:02,16,3650,180,3,-75.84375,-8.6875,-85.6875,-19.09375,-87.53125,-16.5625,-94.19683333333334,-15.927,-91.69133333333332,-13.751333333333335,-97.2344,-17.786,0,0,0,0,0,0,0,0,0,0,0,0,0,0,0,0,0,0,0,0,0,,0.0,0.002,0.0,0.998,0.017646314000000007,0.21668059318637256
2023-03-26 17:28:03,16,3650,16,2,-76.3125,-8.3125,-80.27083333333333,-14.020833333333334,-82.39583333333333,-15.104166666666666,-88.96442857142857,-15.663000000000002,-82.21675,-12.30675,-86.23785714285714,-16.145142857142858,0,0,0,0,0,0.513381,0,0,0.655674,0,0,0,0,0,0,0,0.56008,0,0,0,0,,0.0,0.0,0.0,1.0,0.008425318637274548,0.21328017434869737
2023-03-26 17:28:04,16,3650,16,2,-93.53125,-15.375,-83.328125,-12.375,-93.96875,-20.59375,-98.66149999999999,-17.4285,-90.49616666666668,-12.880166666666666,-94.6485,-17.3555,0,0,0.760688,0,0,0.913362,0,0,0,0,0,0,0,0,0,0,0,0,0,0,0,,0.0,0.0,0.0,1.0,0.012839378000000002,0.21821378799999983
2023-03-26 17:28:05,16,3650,16,3,-97.796875,-22.364583333333332,-79.578125,-11.484375,-90.0125,-20.35625,-128.09366666666668,-31.2435,-84.789,-11.152166666666666,0,0,0,0,0.256686,0,0,0.393365,0,0,0,0,0,0,0,0,0,0,0,0,0,0,0,,0.0,0.002,0.0,0.998,0.0089228,0.3992746452905812
2023-03-26 17:28:06,180,3650,180,4,-84.9875,-16.3875,-78.125,-10.40625,-86.225,-18.5625,-111.418,-23.613500000000002,-87.0195,-10.922,0,0,0.648812,0,0,0,0,0,0.80885,0,0,0,0,0,0,0,0.857717,0,0,0.340148,0,0,0.446979,otherFailure,0.778,0.0,0.0,1.0,0.01118740540540541,0.8207369480000006
2023-03-26 17:28:07,180,3650,180,3,-73.1875,-8.59375,-84.296875,-17.4375,-89.359375,-20.75,-86.19533333333334,-10.990833333333333,0,0,0,0,0,0,0,0,0,0,0,0,0,0,0,0,0,0,0,0,0,0,0,0,0,,0.122,0.008,0.06,0.992,0.02740247380410023,0.264059772177419
2023-03-26 17:28:08,180,3650,180,3,-67.09375,-7.9375,-79.84375,-20.15625,-79.875,-21.34375,-82.66842857142856,-10.742142857142857,0,0,0,0,0,0,0,0,0,0,0,0,0.53063,0,0,0,0,0,0,0,0,0,0,0,0,,0.0,0.0,0.0,1.0,0.008332363999999997,0.2134772279999999
2023-03-26 17:28:09,180,3650,180,0,-67.09375,-7.9375,0,0,0,0,-75.09366666666666,-10.595333333333334,0,0,0,0,0,0,0,0,0,0,0,0,0,0,0,0,0,0,0,0,0,0,0,0,0,,0.0,0.0,0.0,1.0,0.008479507999999998,0.21310301
2023-03-26 17:28:10,180,3650,180,2,-55.0625,-7.34375,-71.0,-22.375,-72.46875,-23.28125,-68.98166666666667,-10.594,-86.008,-21.008,0,0,0,0,0,0,0,0,0,0,0,0,0,0,0,0,0,0,0,0,0,0,0,,0.0,0.0,0.0,1.0,0.008877018000000006,0.2114472340000001
2023-03-26 17:28:11,180,3650,180,2,-50.4375,-7.875,-62.34375,-21.375,-68.0625,-23.375,-75.978,-11.350333333333332,-82.10166666666667,-18.255333333333333,-98.90750000000001,-23.300666666666668,0,0,0,0,0,0,0,0,0,0,0,0,0,0,0,0,0,0,0,0,0,,0.0,0.0,0.0,1.0,0.009521018000000003,0.2128981560000002
2023-03-26 17:28:12,180,3650,180,0,-50.4375,-7.875,0,0,0,0,-66.45316666666666,-10.765666666666666,-109.82799999999999,-24.0325,-112.13016666666665,-28.026000000000007,0,0,0,0,0,0,0,0,0,0,0,0,0,0,0,0,0,0,0,0,0,,0.0,0.0,0.114,1.0,0.029855032000000014,0.21184443199999992
2023-03-26 17:28:13,180,3650,180,2,-56.125,-8.5625,-70.3125,-21.25,-74.75,-23.75,-64.92742857142858,-10.650714285714285,-87.34142857142857,-25.049142857142858,-129.7225,-32.8285,0,0,0,0,0,0,0,0,0,0,0,0,0,0,0,0,0,0,0,0,0,,0.0,0.0,0.0,1.0,0.008614985999999996,0.21192232400000005
2023-03-26 17:28:14,180,3650,180,2,-68.5,-9.625,-76.8125,-21.6875,-77.3125,-21.6875,-66.49216666666666,-11.171833333333332,-73.50283333333334,-18.364833333333333,0,0,0,0,0,0,0,0,0,0,0,0,0,0,0,0,0,0,0,0,0,0,0,,0.0,0.0,0.0,1.0,0.008353884,0.21190719200000016
2023-03-26 17:28:15,180,3650,180,3,-68.3125,-10.4375,-66.9375,-13.875,-74.375,-20.6875,-68.78116666666668,-12.609499999999999,-68.44533333333332,-14.416666666666666,-91.9645,-20.344,0,0,0,0,0,0,0,0,0,0,0,0,0,0,0,0,0,0,0,0,0,,0.0,0.0,0.0,1.0,0.008713559999999997,0.21169788799999995
2023-03-26 17:28:16,188,3650,180,5,-67.3125,-13.25,-62.15625,-12.4375,-71.46875,-20.65625,-74.31633333333333,-16.810000000000002,-65.86716666666666,-11.601666666666668,-123.516,-26.641,0,0,0.435669,0,0,0,0,0,0,0,0,0,0.506753,0,0,0,0,0,0,0,0.506753,,0.0,0.002,0.0,0.998,0.008885134000000003,0.21206038476953912
2023-03-26 17:28:17,188,3650,188,3,-53.921875,-7.765625,-70.25,-20.5,-71.84375,-19.65625,-72.06128571428572,-13.551428571428573,-65.008,-10.785,-75.6532,-17.125000000000004,0,0,0,0,0,0.23333,0,0,0,0,0,0,0,0,0,0,0.275052,0,0,0,0,,0.0,0.0,0.0,1.0,0.013695333999999993,0.21600649200000016
2023-03-26 17:28:18,188,3650,188,2,-58.8125,-8.6875,-66.9375,-19.0625,-68.4375,-22.125,-69.93616666666667,-11.591166666666666,-77.27983333333334,-16.401,0,0,0,0,0,0,0,0,0,0,0,0,0,0,0,0,0,0,0,0,0,0,0,,0.0,0.0,0.0,1.0,0.00815283,0.21167370399999993
2023-03-26 17:28:19,188,3650,188,2,-60.1875,-8.3125,-66.875,-18.3125,-68.0625,-21.25,-66.87750000000001,-10.880166666666666,-76.22666666666667,-18.319,0,0,0,0,0,0,0,0,0,0,0.198877,0,0,0,0,0,0,0,0,0,0,0,0,,0.0,0.0,0.0,1.0,0.008846190000000002,0.21167704599999987
2023-03-26 17:28:20,188,3650,188,2,-61.6875,-6.875,-79.1875,-20.9375,-81.625,-23.5,-68.49885714285715,-10.86057142857143,-80.13971428571429,-19.625,-85.508,-23.008,0,0,0,0,0,0,0,0,0,0,0,0,0,0,0,0,0,0,0,0,0,,0.0,0.0,0.0,1.0,0.008783696000000011,0.21177281400000014
2023-03-26 17:28:21,188,3650,188,2,-67.875,-6.6875,-77.8125,-14.25,-82.5,-18.5625,-70.45183333333334,-10.876166666666668,-82.83866666666667,-19.17833333333333,-125.69266666666665,-31.2435,0,0,0,0,0,0,0,0,0,0,0,0,0,0,0,0,0,0,0,0,0,,0.0,0.0,0.0,1.0,0.008383706,0.21179642399999976
2023-03-26 17:28:22,188,3650,188,0,-67.875,-6.6875,0,0,0,0,-71.65233333333335,-10.773333333333333,-90.42433333333332,-22.248666666666665,0,0,0,0,0,0,0,0,0,0,0,0,0,0,0,0,0,0,0,0,0,0,0,,0.0,0.0,0.0,1.0,0.007914180000000005,0.21156900800000003
2023-03-26 17:28:23,188,3650,188,2,-63.1875,-7.03125,-83.3125,-25.46875,-85.84375,-24.1875,-71.51816666666666,-10.740833333333333,0,0,0,0,0,0,0,0,0,0,0,0,0,0,0,0,0,0,0,0,0,0,0,0,0,,0.0,0.0,0.0,1.0,0.008718695999999998,0.21157726799999987
2023-03-26 17:28:24,188,3650,188,2,-63.0625,-6.625,-80.5,-23.9375,-84.25,-26.5625,-71.29299999999999,-10.7525,-106.88600000000001,-23.9548,0,0,0,0,0,0,0,0,0,0,0,0,0,0,0,0,0,0,0,0,0,0,0,,0.0,0.0,0.0,1.0,0.008675591999999996,0.21148497000000005
2023-03-26 17:28:25,188,3650,188,2,-68.125,-6.875,-75.4375,-12.9375,-90.6875,-26.0,-70.79799999999999,-10.685142857142855,-115.49214285714287,-30.747714285714288,0,0,0,0,0,0,0,0,0,0,0,0,0,0,0,0,0,0,0,0,0,0,0,,0.0,0.0,0.0,1.0,0.008814866000000006,0.21130365400000017
2023-03-26 17:28:26,188,3650,188,2,-66.71875,-8.3125,-81.03125,-20.28125,-83.1875,-24.0625,-71.81516666666667,-10.796833333333332,-112.25516666666665,-30.25266666666667,0,0,0,0,0,0,0,0,0,0,0,0,0,0,0,0,0,0,0,0,0,0,0,,0.0,0.0,0.0,1.0,0.009018964,0.21179900000000002
2023-03-26 17:28:27,188,3650,188,0,-66.71875,-8.3125,0,0,0,0,-72.35416666666669,-10.764333333333333,-95.80066666666666,-25.298333333333336,0,0,0,0,0,0,0,0,0,0,0,0,0,0,0,0,0,0,0,0,0,0,0,,0.0,0.0,0.0,1.0,0.00863733800000001,0.2118452420000002
2023-03-26 17:28:28,188,3650,188,2,-69.9375,-8.625,-82.75,-17.5625,-86.375,-21.25,-70.97666666666667,-10.729333333333335,-104.50533333333335,-27.7955,0,0,0,0,0,0,0,0,0,0,0,0,0,0,0,0,0,0,0,0,0,0,0,,0.0,0.0,0.0,1.0,0.008189479999999989,0.21176619399999982
2023-03-26 17:28:29,188,3650,188,2,-66.5,-7.75,-77.625,-14.9375,-92.75,-19.875,-70.81266666666666,-10.781166666666666,-83.47633333333333,-20.7695,0,0,0,0,0,0,0,0,0,0,0,0,0,0,0,0,0,0,0,0,0,0,0,,0.0,0.0,0.0,1.0,0.008781432000000004,0.21201658999999998
2023-03-26 17:28:30,188,3650,188,2,-67.5,-8.40625,-84.5625,-20.75,-90.0,-25.1875,-73.4932857142857,-11.060428571428572,-81.9497142857143,-17.486428571428572,0,0,0,0,0,0,0,0,0,0,0,0,0,0,0,0,0,0,0,0,0,0,0,,0.0,0.0,0.0,1.0,0.00846827599999999,0.21150029800000034
2023-03-26 17:28:31,188,3650,188,0,-67.5,-8.40625,0,0,0,0,-74.15366666666667,-10.9975,-82.681,-18.282666666666668,0,0,0,0,0,0,0,0,0,0,0,0,0,0,0,0,0,0,0,0,0,0,0,,0.0,0.0,0.0,1.0,0.008957948000000004,0.21151222000000003
2023-03-26 17:28:32,188,3650,188,2,-67.375,-7.6875,-80.5625,-19.0,-84.8125,-22.75,-72.80083333333333,-10.975499999999998,-104.569,-25.149833333333333,0,0,0,0,0,0,0,0,0,0,0,0,0,0,0,0,0,0,0,0,0,0,0,,0.0,0.0,0.0,1.0,0.009108929999999998,0.21179670600000003
2023-03-26 17:28:33,188,3650,188,2,-66.0,-6.8125,-81.9375,-19.5,-90.8125,-27.0,-73.302,-11.023499999999999,-89.18116666666667,-22.732833333333335,0,0,0,0,0,0,0,0,0,0,0,0,0,0,0,0,0,0,0,0,0,0,0,,0.0,0.0,0.0,1.0,0.009012142,0.21204901399999995
2023-03-26 17:28:34,188,3650,188,2,-68.25,-7.0625,-84.375,-18.1875,-90.40625,-24.59375,-72.19016666666667,-11.019499999999999,-98.3775,-22.94516666666667,0,0,0,0,0,0,0,0,0,0,0,0,0,0,0,0,0,0,0,0,0,0,0,,0.0,0.0,0.0,1.0,0.009083601999999996,0.21171779000000007
2023-03-26 17:28:35,188,3650,188,2,-66.5625,-7.125,-83.0,-21.5,-90.125,-25.0,-69.616,-10.716571428571427,-98.15959999999998,-21.6314,0,0,0,0,0,0,0,0,0,0,0,0,0,0,0,0,0,0,0,0,0,0,0,,0.0,0.0,0.0,1.0,0.009011682000000002,0.211768672
2023-03-26 17:28:36,188,3650,188,0,-66.5625,-7.125,0,0,0,0,-68.29316666666666,-10.712333333333333,-118.42683333333333,-31.055833333333336,0,0,0,0,0,0,0,0,0,0,0,0,0,0,0,0,0,0,0,0,0,0,0,,0.0,0.0,0.0,1.0,0.008877164000000002,0.2116988660000001
2023-03-26 17:28:37,188,3650,188,2,-65.125,-6.625,-82.6875,-17.75,-87.3125,-22.6875,-68.58866666666665,-10.736833333333335,-115.09883333333335,-31.285,0,0,0,0,0,0,0,0,0,0,0,0,0,0,0,0,0,0,0,0,0,0,0,,0.0,0.0,0.0,1.0,0.009493973999999995,0.21175817400000002
2023-03-26 17:28:38,188,3650,188,1,-65.71875,-7.53125,-80.28125,-18.0,0,0,-67.94916666666667,-10.636833333333334,-124.51700000000001,-32.17333333333334,0,0,0,0,0,0,0,0,0,0,0,0,0,0,0,0,0,0,0,0,0,0,0,,0.0,0.0,0.0,1.0,0.009438885999999999,0.21129594800000004
2023-03-26 17:28:39,188,3650,188,1,-65.125,-8.0625,-84.75,-23.3125,0,0,-65.66971428571428,-10.594,-93.74428571428571,-26.369428571428575,0,0,0,0,0,0,0,0,0,0,0,0,0,0,0,0,0,0,0,0,0,0,0,,0.0,0.0,0.0,1.0,0.009361342000000003,0.2119091279999999
2023-03-26 17:28:40,188,3650,188,1,-66.0,-6.8125,-82.0625,-19.1875,0,0,-66.578,-10.653666666666666,-80.81516666666667,-20.360666666666663,0,0,0,0,0,0,0,0,0,0,0,0,0,0,0,0,0,0,0,0,0,0,0,,0.0,0.0,0.0,1.0,0.009068259999999998,0.21126913200000003
2023-03-26 17:28:41,188,3650,188,0,-66.0,-6.8125,0,0,0,0,-68.64166666666667,-10.725333333333333,-81.09366666666666,-19.32166666666667,0,0,0,0,0,0,0,0,0,0,0,0,0,0,0,0,0,0,0,0,0,0,0,,0.0,0.0,0.0,1.0,0.009064636000000001,0.21156598799999993
2023-03-26 17:28:42,188,3650,188,1,-66.875,-7.0,-80.40625,-13.71875,0,0,-68.98683333333332,-10.769666666666666,-79.48183333333334,-19.17833333333333,-80.438,-21.078,0,0,0,0,0,0,0,0,0,0,0,0,0,0,0,0,0,0,0,0,0,,0.0,0.0,0.0,1.0,0.008865252,0.21207170600000008
2023-03-26 17:28:43,188,3650,188,1,-65.8125,-6.4375,-80.0,-14.5625,0,0,-68.45433333333334,-10.781,-107.34766666666667,-26.640666666666664,-134.561,-33.4,0,0,0,0,0,0,0,0,0,0,0,0,0,0,0,0,0,0,0,0,0,,0.0,0.0,0.0,1.0,0.008921446,0.21195449399999994
2023-03-26 17:28:44,188,3650,188,1,-66.0625,-6.375,-81.0,-18.1875,0,0,-68.23885714285713,-10.641857142857145,-133.328,-34.96066666666667,0,0,0,0,0,0,0,0,0,0,0,0,0,0,0,0,0,0,0,0,0,0,0,,0.0,0.0,0.0,1.0,0.008989605999999995,0.21183153399999977
2023-03-26 17:28:45,188,3650,188,0,-66.0625,-6.375,0,0,0,0,-67.45716666666667,-10.594,0,0,0,0,0,0,0,0,0,0,0,0,0,0,0,0,0,0,0,0,0,0,0,0,0,,0.0,0.0,0.0,1.0,0.008986066,0.21193982164328642
2023-03-26 17:28:46,188,3650,188,1,-65.03125,-7.59375,-78.28125,-20.8125,0,0,-65.46350000000001,-10.594,0,0,0,0,0,0,0,0,0,0,0,0,0,0,0,0,0,0,0,0,0,0,0,0,0,,0.0,0.0,0.0,1.0,0.008482418837675348,0.21186200999999993
2023-03-26 17:28:47,188,3650,188,1,-64.875,-7.625,-80.0625,-19.75,0,0,-67.17049999999999,-10.649833333333333,-103.72000000000001,-25.44666666666667,0,0,0,0,0,0,0,0,0,0,0,0,0,0,0,0,0,0,0,0,0,0,0,,0.0,0.0,0.0,1.0,0.008884607999999993,0.21227150599999978
2023-03-26 17:28:48,188,3650,188,1,-66.4375,-9.0,-81.125,-19.0,0,0,-66.15942857142858,-10.596142857142857,-118.35500000000002,-33.074714285714286,0,0,0,0,0,0,0,0,0,0,0,0,0,0,0,0,0,0,0,0,0,0,0,,0.0,0.0,0.0,1.0,0.009253670000000004,0.21294072600000002
2023-03-26 17:28:49,188,3650,188,1,-66.8125,-7.583333333333333,-81.77083333333333,-17.958333333333332,0,0,-71.3985,-10.811,-91.13166666666667,-22.441499999999994,0,0,0,0,0,0,0,0,0,0,0,0,0,0,0,0,0,0,0,0,0,0,0,,0.0,0.0,0.0,1.0,0.009047368000000007,0.2124391399999998
2023-03-26 17:28:50,188,3650,188,0,-66.8125,-7.583333333333333,0,0,0,0,-73.50133333333333,-10.777333333333333,-88.51416666666667,-22.003833333333333,0,0,0,0,0,0,0,0,0,0,0,0,0,0,0,0,0,0,0,0,0,0,0,,0.0,0.0,0.0,1.0,0.008723117999999995,0.21149848999999984
2023-03-26 17:28:51,188,3650,188,1,-68.4375,-6.6875,-83.3125,-18.875,0,0,-76.646,-11.591166666666666,-81.64183333333332,-17.894499999999997,0,0,0,0,0,0,0,0,0,0,0,0,0,0,0,0,0,0,0,0,0,0,0,,0.0,0.0,0.0,1.0,0.009021908000000009,0.21135363399999985
2023-03-26 17:28:52,188,3650,188,1,-67.8125,-6.75,-83.3125,-18.875,0,0,-73.96542857142857,-11.164000000000001,-91.26457142857143,-21.320142857142855,0,0,0,0,0,0,0,0,0,0,0,0,0,0,0,0,0,0,0,0,0,0,0,,0.0,0.0,0.0,1.0,0.009032702000000007,0.21159761400000004
2023-03-26 17:28:53,188,3650,188,1,-68.39583333333333,-6.916666666666667,-83.04166666666667,-19.145833333333332,0,0,-77.61716666666666,-11.0495,-83.586,-18.642,0,0,0,0,0,0,0,0,0,0,0,0,0,0,0,0,0,0,0,0,0,0,0,,0.0,0.0,0.0,1.0,0.008943055999999991,0.21149349599999992
2023-03-26 17:28:54,188,3650,188,0,-68.39583333333333,-6.916666666666667,0,0,0,0,-73.95816666666666,-11.023333333333332,0,0,0,0,0,0,0,0,0,0,0,0,0,0,0,0,0,0,0,0,0,0,0,0,0,,0.0,0.0,0.0,1.0,0.009071167999999998,0.21185296400000012
2023-03-26 17:28:55,188,3650,188,1,-67.5625,-6.5625,-82.875,-18.125,0,0,-72.729,-10.979333333333331,-111.46333333333332,-24.492,0,0,0,0,0,0,0,0,0,0,0,0,0,0,0,0,0,0,0,0,0,0,0,,0.0,0.0,0.0,1.0,0.008978932000000004,0.21163485999999995
2023-03-26 17:28:56,188,3650,188,1,-70.54166666666667,-6.729166666666667,-81.83333333333333,-17.229166666666668,0,0,-73.08814285714286,-10.73542857142857,-97.945,-26.703,0,0,0,0,0,0,0,0,0,0,0,0,0,0,0,0,0,0,0,0,0,0,0,,0.0,0.0,0.0,1.0,0.008623630000000002,0.2116679999999999
2023-03-26 17:28:57,188,3650,188,1,-69.75,-7.1875,-84.375,-18.5625,0,0,-73.20049999999999,-10.817833333333335,0,0,0,0,0,0,0,0,0,0,0,0,0,0,0,0,0,0,0,0,0,0,0,0,0,,0.0,0.0,0.0,1.0,0.008791517999999995,0.2114927860000001
2023-03-26 17:28:58,188,3650,188,2,-68.8125,-6.8125,-80.1875,-18.75,-88.75,-21.6875,-71.97133333333333,-10.773333333333333,-106.53524999999999,-21.6035,0,0,0,0,0,0,0,0,0,0,0,0,0,0,0,0,0,0,0,0,0,0,0,,0.0,0.0,0.0,1.0,0.008660797999999999,0.21159063799999991
2023-03-26 17:28:59,188,3650,188,0,-68.8125,-6.8125,0,0,0,0,-73.39966666666666,-10.804666666666668,-121.42975000000001,-31.51375,0,0,0,0,0,0,0,0,0,0,0,0,0,0,0,0,0,0,0,0,0,0,0,,0.0,0.0,0.0,1.0,0.00883868199999999,0.21143641999999974
2023-03-26 17:29:00,188,3650,188,2,-73.3125,-6.75,-83.4375,-17.125,-87.4375,-18.875,-74.241,-10.988333333333335,-105.92,-24.63275,-107.18866666666666,-24.153833333333335,0,0,0,0,0,0,0,0,0,0,0,0,0,0,0,0,0,0,0,0,0,,0.0,0.0,0.0,1.0,0.008869300000000002,0.21178277600000006
2023-03-26 17:29:01,188,3650,188,2,-71.375,-7.8125,-85.625,-17.875,-88.4375,-19.4375,-75.12366666666667,-11.235833333333334,-98.30983333333332,-24.139333333333337,-105.293,-26.578000000000003,0,0,0,0,0,0,0,0,0,0,0,0,0,0,0,0,0,0,0,0,0,,0.0,0.0,0.0,1.0,0.008742538000000001,0.2123468780000001
2023-03-26 17:29:02,188,3650,188,2,-73.5625,-7.3125,-90.125,-18.875,-96.5625,-21.375,-74.91971428571428,-11.625142857142858,-85.154,-18.573714285714285,0,0,0,0,0,0,0,0,0,0,0,0,0,0,0,0,0,0,0,0,0,0,0,,0.0,0.0,0.0,1.0,0.008911462,0.21240640199999997
2023-03-26 17:29:03,188,3650,188,0,-73.5625,-7.3125,0,0,0,0,-75.96499999999999,-11.6355,-93.4765,-20.823999999999998,0,0,0,0,0,0,0,0,0,0,0,0,0,0,0,0,0,0,0,0,0,0,0,,0.0,0.0,0.0,1.0,0.009249876,0.21207004399999982
2023-03-26 17:29:04,188,3650,188,2,-71.5,-7.625,-76.125,-15.5,-84.8125,-20.3125,-73.35033333333332,-12.295499999999999,-77.31633333333333,-15.348999999999998,0,0,0,0,0,0,0,0,0,0,0,0,0,0,0,0,0,0,0,0,0,0,0,,0.0,0.0,0.0,1.0,0.009037445999999998,0.21268712400000006
2023-03-26 17:29:05,188,3650,188,2,-70.5,-7.8125,-77.34375,-10.9375,-89.1875,-21.4375,-69.60266666666666,-11.086166666666665,-84.39450000000001,-19.168166666666664,0,0,0,0,0,0,0,0,0,0,0,0,0,0,0,0,0,0,0,0,0,0,0,,0.0,0.0,0.0,1.0,0.00896737,0.21322975399999997
2023-03-26 17:29:06,188,3650,188,2,-73.1875,-7.4375,-80.6875,-14.0625,-84.0625,-18.25,-73.56233333333333,-11.084666666666665,-78.26283333333333,-17.251333333333335,-88.008,-17.5,0,0,0,0,0,0,0,0,0,0,0,0,0,0,0,0,0,0,0,0,0,,0.0,0.0,0.0,1.0,0.008339340000000002,0.212877798
2023-03-26 17:29:07,188,3650,188,2,-71.375,-7.0625,-81.75,-15.375,-83.375,-19.5625,-76.37614285714287,-11.672857142857142,-80.31371428571428,-14.695428571428574,-91.87942857142858,-20.93971428571428,0,0,0,0,0,0,0,0,0,0,0,0,0,0,0,0,0,0,0,0,0,,0.0,0.0,0.0,1.0,0.008430768000000003,0.21309019000000018
2023-03-26 17:29:08,188,3650,188,0,-71.375,-7.0625,0,0,0,0,-78.40383333333334,-12.162833333333333,-84.13400000000001,-18.027333333333335,-89.0195,-17.142166666666665,0,0,0,0,0,0,0,0,0,0,0,0,0,0,0,0,0,0,0,0,0,,0.0,0.0,0.0,1.0,0.008677706000000004,0.21434906800000017
2023-03-26 17:29:09,188,3650,188,3,-74.75,-7.9375,-82.96875,-14.34375,-86.71875,-19.34375,-79.85683333333334,-13.939,-80.599,-15.050833333333332,-81.569,-16.03666666666667,0,0,0,0,0,0,0,0,0,0,0,0,0,0,0,0,0,0,0,0,0,,0.0,0.0,0.0,1.0,0.009123599999999999,0.215177868
2023-03-26 17:29:10,188,3650,197,3,-75.72916666666667,-8.395833333333334,-74.97916666666667,-8.708333333333334,-84.20833333333333,-16.145833333333332,-81.318,-15.416428571428572,-73.98440000000001,-12.4268,-80.44916666666667,-17.0155,0,0,0,0,0,0.733224,0,0,0,0,0,0,0,0,0,0,0.781689,0,0,0,0,,0.0,0.0,0.0,1.0,0.009755965999999998,0.21398192199999985
2023-03-26 17:29:11,197,3650,197,3,-73.3375,-8.7625,-70.484375,-9.015625,-75.375,-10.75,-73.29050000000001,-11.309833333333332,-82.93733333333333,-18.507833333333334,-93.1968,-19.428199999999997,0,0,0.672666,0,0,0,0,0,0,0,0,0,0.729429,0,0,0,0,0,0,0,0.729429,,0.0,0.0,0.0,1.0,0.010541641999999992,0.21489027200000002
2023-03-26 17:29:12,197,3650,197,2,-68.04166666666667,-6.166666666666667,-77.04166666666667,-11.458333333333334,-82.02083333333333,-17.229166666666668,-65.88533333333334,-10.671833333333332,-77.547,-19.539,0,0,0,0,0,0,0,0,0,0,0.34954,0,0,0,0,0,0,0,0,0,0,0,0,,0.0,0.002,0.0,0.998,0.011759052000000002,0.21608078757515048
2023-03-26 17:29:13,197,3650,197,2,-65.1875,-4.8125,-77.1875,-13.9375,-77.9375,-18.0,-63.46883333333333,-10.594,0,0,0,0,0,0,0,0,0,0,0,0,0,0,0,0,0,0,0,0,0,0,0,0,0,,0.0,0.0,0.0,1.0,0.009097022000000001,0.212117696
2023-03-26 17:29:14,197,3650,197,3,-63.3125,-3.5625,-76.4375,-18.875,-77.0,-17.625,-59.15742857142857,-10.594,0,0,0,0,0,0,0,0,0,0,0,0,0,0,0,0,0,0,0,0,0,0,0,0,0,,0.0,0.0,0.0,1.0,0.008937692000000004,0.21238092200000008
2023-03-26 17:29:15,197,3650,197,3,-63.125,-4.0625,-77.75,-16.875,-77.8125,-17.125,-59.6875,-10.594,0,0,0,0,0,0,0,0,0,0,0,0,0,0,0,0,0,0,0,0,0,0,0,0,0,,0.002,0.0,0.0,1.0,0.00912499198396794,0.21229067000000015
2023-03-26 17:29:16,197,3650,197,3,-71.5,-7.375,-61.3125,-10.3125,-70.75,-18.8125,-63.98316666666667,-11.0405,-78.00399999999999,-19.38475,0,0,0,0,0,0,0,0,0,0,0,0,0,0,0,0,0,0,0,0,0,0,0,,0.0,0.0,0.0,1.0,0.008111513999999997,0.21181503600000012
2023-03-26 17:29:17,205,3650,205,4,-64.65625,-8.34375,-67.25,-10.3125,-75.21875,-18.6875,-71.28585714285714,-14.255714285714285,-65.75116666666666,-13.487,-81.812,-18.297,0,0,0.143362,0,0,0.933209,0,0,0.340446,0,0,0,0.194502,0,0,0,0.959612,0,0,0,0.194502,,0.0,0.002,0.0,0.998,0.011646895999999999,0.2162222244488978
2023-03-26 17:29:18,205,3650,205,3,-62.90625,-8.0,-72.5625,-17.15625,-80.4375,-18.75,-63.84766666666667,-10.846333333333334,-128.19,-30.569,0,0,0,0,0,0,0,0,0,0,0,0,0,0,0,0,0,0,0,0,0,0,0,,0.0,0.0,0.0,1.0,0.009056446,0.2152269500000002
2023-03-26 17:29:19,205,3650,205,2,-60.625,-7.0,-78.25,-23.6875,-79.9375,-24.625,-64.9595,-10.594,-139.91,-37.9725,0,0,0,0,0,0,0,0,0,0,0,0,0,0,0,0,0,0,0,0,0,0,0,,0.0,0.0,0.0,1.0,0.00901182,0.21207450199999991
2023-03-26 17:29:20,205,3650,205,2,-68.875,-7.8125,-86.875,-24.0,-91.0625,-27.625,-69.24633333333334,-10.594,0,0,0,0,0,0,0,0,0,0,0,0,0,0,0,0,0,0,0,0,0,0,0,0,0,,0.0,0.0,0.0,1.0,0.008855991999999991,0.21218780799999998
2023-03-26 17:29:21,205,3650,205,2,-72.5,-7.4375,-85.3125,-16.3125,-87.375,-23.5625,-69.26833333333333,-10.594,0,0,0,0,0,0,0,0,0,0,0,0,0,0,0,0,0,0,0,0,0,0,0,0,0,,0.0,0.0,0.0,1.0,0.008614220000000002,0.21153658799999991
2023-03-26 17:29:22,205,3650,205,2,-73.75,-7.625,-83.6875,-13.6875,-91.875,-21.6875,-69.82271428571428,-10.594,0,0,0,0,0,0,0,0,0,0,0,0,0,0,0,0,0,0,0,0,0,0,0,0,0,,0.0,0.0,0.0,1.0,0.008499948000000004,0.21289572200000012
2023-03-26 17:29:23,205,3650,205,0,-73.75,-7.625,0,0,0,0,-70.57683333333334,-10.594,0,0,0,0,0,0,0,0,0,0,0,0,0,0,0,0,0,0,0,0,0,0,0,0,0,,0.0,0.0,0.0,1.0,0.008351802000000005,0.2131707620000002
2023-03-26 17:29:24,205,3650,205,2,-79.25,-8.6875,-85.09375,-14.59375,-92.6875,-21.9375,-75.17316666666666,-10.594,0,0,0,0,0,0,0,0,0,0,0,0,0,0,0,0,0,0,0,0,0,0,0,0,0,,0.0,0.0,0.0,1.0,0.008698468,0.21347379200000002
2023-03-26 17:29:25,205,3650,205,2,-78.0625,-9.25,-87.1875,-16.0,-95.0,-24.625,-82.2825,-10.712166666666667,0,0,0,0,0,0,0,0,0,0,0,0,0,0,0,0,0,0,0,0,0,0,0,0,0,,0.0,0.0,0.0,1.0,0.008956834000000004,0.2146961220000002
2023-03-26 17:29:26,205,3650,205,2,-82.3125,-10.25,-86.0,-12.3125,-95.8125,-23.375,-85.01242857142857,-10.932999999999998,0,0,0,0,0,0,0,0,0,0,0,0,0,0,0,0,0,0,0,0,0,0,0,0,0,,0.0,0.0,0.0,1.0,0.008790307999999993,0.2143521680000001
2023-03-26 17:29:27,205,3650,205,3,-88.75,-13.75,-80.9375,-10.5625,-88.125,-17.0625,-83.04166666666667,-10.813666666666668,-93.25399999999999,-18.133,0,0,0,0,0,0,0,0,0,0,0,0,0,0,0,0,0,0,0,0,0,0,0,,0.0,0.0,0.0,1.0,0.008298424000000006,0.21456789199999998
2023-03-26 17:29:28,188,3650,205,6,-83.8875,-11.95,-80.5625,-10.34375,-88.70833333333333,-16.6875,-89.95066666666666,-11.742333333333335,-96.71233333333333,-17.014333333333333,0,0,0,0,0.087571,0,0,0,0,0,0.290381,0,0,0,0.179382,0,0,0,0,0,0,0,0.179382,,0.0,0.002004008016032064,0.0,0.9979959919839679,0.01533036599999999,0.2181805863453817
2023-03-26 17:29:29,188,3650,205,4,-79.625,-9.125,-86.25,-18.375,-86.8125,-18.5,-93.02983333333333,-12.578166666666668,-99.75,-17.496000000000002,-101.86333333333334,-19.566333333333336,0,0,0,0,0,0,0,0,0,0,0,0,0,0,0,0,0,0,0,0,0,,0.0,0.0,0.0,1.0,0.009120653306613222,0.21319246800000002
2023-03-26 17:29:30,188,3650,205,4,-83.0625,-8.875,-88.4375,-16.75,-90.75,-20.1875,-94.05671428571428,-14.016571428571428,-95.0,-15.508,-95.105,-16.126,0,0,0,0,0,0,0,0,0,0,0,0,0,0,0,0,0,0,0,0,0,,0.0,0.0,0.0,1.0,0.008922511999999997,0.21366947600000008
2023-03-26 17:29:31,188,3650,205,4,-87.375,-11.3125,-84.375,-15.1875,-88.3125,-18.3125,-98.91266666666667,-16.275999999999996,-99.54100000000001,-16.95325,-101.54416666666664,-17.2435,0,0,0,0,0,0,0,0,0,0,0,0,0,0,0,0,0,0,0,0,0,,0.0,0.0,0.0,1.0,0.008475375999999993,0.2139418959999999
2023-03-26 17:29:32,188,3650,205,5,-89.08333333333333,-14.6875,-85.91666666666667,-15.4375,-89.4375,-18.333333333333332,-100.34883333333333,-17.043,-99.977,-16.766,-100.18350000000001,-18.421999999999997,0,0,0.91261,0,0,0,0,0,0,0,0,0,0,0,0,0,0,0,0,0,0,,0.0,0.0,0.0,1.0,0.008555368000000002,0.2141760999999998
2023-03-26 17:29:33,11,3650,205,5,-85.1,-14.4875,-89.6125,-17.25,-89.8,-17.625,-100.608,-18.484333333333336,-97.71483333333333,-16.020833333333332,-98.871,-17.727833333333333,0,0,0,0,0,0,0,0,0,0,0,0,0.037711,0,0,0,0,0,0,0,0.037711,,0.002,0.002,0.102,0.998,0.02615083567134266,0.2187935290581164
2023-03-26 17:29:34,11,3650,11,3,-80.02083333333333,-12.3125,-84.27083333333333,-16.354166666666668,-88.75,-18.645833333333332,-99.51785714285714,-17.265714285714285,-96.87,-15.088666666666668,-101.095,-18.904,0,0,0,0,0,0.413188,0,0,0,0,0,0,0,0,0,0,0.451676,0,0,0,0,,0.0,0.0,0.0,1.0,0.008877319999999998,0.21678172399999995
2023-03-26 17:29:35,11,3650,11,3,-80.4375,-12.6875,-85.0,-17.8125,-87.9375,-20.9375,-98.341,-16.705666666666666,-97.23649999999999,-15.5585,-100.20549999999999,-18.396,0,0,0,0,0,0,0,0,0,0,0,0,0,0,0,0,0,0,0,0,0,,0.0,0.0,0.0,1.0,0.014933696000000003,0.2148075140000001
2023-03-26 17:29:36,11,3650,11,3,-73.53125,-10.8125,-86.71875,-20.34375,-88.28125,-20.96875,-94.92833333333334,-16.141833333333334,-95.4025,-17.871000000000002,-95.46483333333333,-17.3775,0,0,0,0,0,0,0,0,0,0,0,0,0,0,0,0,0,0,0,0,0,,0.0,0.0,0.0,1.0,0.00890871,0.2128215280000002
2023-03-26 17:29:37,11,3650,11,2,-76.4375,-10.375,-88.5625,-20.5,-89.5625,-20.1875,-95.54700000000001,-15.747333333333335,-96.82299999999998,-17.371,-99.96350000000001,-18.916666666666664,0,0,0,0,0,0,0,0,0,0,0,0,0,0,0,0,0,0,0,0,0,,0.0,0.0,0.084,1.0,0.024938510000000035,0.21201854199999995
2023-03-26 17:29:38,11,3650,11,0,-76.4375,-10.375,0,0,0,0,-92.6355,-14.912833333333333,-97.094,-16.8555,-101.82133333333333,-18.787666666666667,0,0,0,0,0,0,0,0,0,0,0,0,0,0,0,0,0,0,0,0,0,,0.0,0.0,0.0,1.0,0.009172984000000004,0.21214212799999999
2023-03-26 17:29:39,11,3650,11,2,-73.4375,-10.0625,-84.5625,-20.3125,-86.6875,-19.6875,-91.354,-13.721333333333334,-97.54683333333332,-21.211,-101.92816666666666,-20.039,0,0,0,0,0,0,0,0,0,0,0,0,0,0,0,0,0,0,0,0,0,,0.0,0.0,0.0,1.0,0.008828040000000007,0.21194265199999995
2023-03-26 17:29:40,11,3650,11,2,-77.0,-9.375,-87.875,-19.3125,-89.375,-20.4375,-92.43299999999999,-14.229999999999999,-97.035,-17.5975,-97.64957142857143,-18.80485714285714,0,0,0,0,0,0,0,0,0,0,0,0,0,0,0,0,0,0,0,0,0,,0.0,0.0,0.0,1.0,0.008807911999999996,0.2117474479999999
2023-03-26 17:29:41,11,3650,11,1,-76.4375,-9.4375,-85.875,-20.375,0,0,-92.58333333333333,-15.066333333333334,-96.047,-18.719,-97.17983333333332,-17.9205,0,0,0,0,0,0,0,0,0,0,0,0,0,0,0,0,0,0,0,0,0,,0.0,0.0,0.0,1.0,0.008935866000000002,0.21144666999999973
2023-03-26 17:29:42,11,3650,11,1,-76.5,-9.3125,-87.4375,-19.75,0,0,-89.27983333333333,-13.562333333333333,-95.2565,-18.456999999999997,-107.81783333333334,-22.41016666666667,0,0,0,0,0,0,0,0,0,0,0,0,0,0,0,0,0,0,0,0,0,,0.0,0.0,0.0,1.0,0.008744592000000006,0.21187381199999977
2023-03-26 17:29:43,11,3650,11,0,-76.5,-9.3125,0,0,0,0,-90.26416666666667,-13.820333333333336,-95.37899999999999,-17.0075,-98.67150000000001,-24.7145,0,0,0,0,0,0,0,0,0,0,0,0,0,0,0,0,0,0,0,0,0,,0.0,0.0,0.0,1.0,0.008871856000000003,0.2119876100000001
2023-03-26 17:29:44,11,3650,11,2,-75.34375,-11.34375,-82.1875,-17.71875,-84.40625,-17.90625,-89.05042857142858,-15.874142857142857,-87.05139999999999,-16.3234,-90.34957142857141,-17.44542857142857,0,0,0,0,0,0,0,0,0,0,0,0,0,0,0,0,0,0,0,0,0,,0.0,0.0,0.0,1.0,0.008713268000000003,0.2115777080000003
2023-03-26 17:29:45,11,3650,11,3,-73.9375,-11.5,-72.375,-6.625,-83.4375,-17.75,-87.37516666666669,-15.399833333333333,-89.93233333333335,-17.734333333333336,-95.74883333333332,-19.331999999999997,0,0,0,0,0,0,0,0,0,0,0,0,0,0,0,0,0,0,0,0,0,,0.0,0.0,0.0,1.0,0.008896537999999996,0.2124079020000001
2023-03-26 17:29:46,11,3650,11,3,-72.375,-11.25,-77.0625,-12.625,-84.8125,-20.9375,-85.25516666666665,-13.608166666666667,-96.33466666666668,-19.795666666666666,-101.8945,-23.7265,0,0,0,0,0,0,0,0,0,0,0,0,0,0,0,0,0,0,0,0,0,,0.0,0.0,0.0,1.0,0.008782191999999996,0.21303155799999993
2023-03-26 17:29:47,11,3650,11,0,-72.375,-11.25,0,0,0,0,-80.88033333333334,-13.1055,-85.86066666666666,-18.524833333333333,-126.73825000000001,-30.921749999999996,0,0,0,0,0,0,0,0,0,0,0,0,0,0,0,0,0,0,0,0,0,,0.0,0.0,0.0,1.0,0.008805663999999994,0.21489193599999995
2023-03-26 17:29:48,11,3650,11,3,-69.0,-9.90625,-77.46875,-10.3125,-78.96875,-18.34375,-78.558,-12.002142857142857,-91.44085714285714,-20.13942857142857,0,0,0,0,0,0,0,0,0,0,0,0,0,0,0,0,0,0,0,0,0,0,0,,0.0,0.0,0.0,1.0,0.008611437999999994,0.21526343800000003
2023-03-26 17:29:49,11,3650,11,3,-64.625,-8.5625,-74.75,-18.0,-79.6875,-14.25,-74.12616666666666,-11.011833333333334,-111.21650000000001,-27.8595,-113.16420000000001,-25.6892,0,0,0,0,0,0,0,0,0,0,0,0,0,0,0,0,0,0,0,0,0,,0.0,0.0,0.0,1.0,0.008782055999999998,0.2131269620000002
2023-03-26 17:29:50,11,3650,11,3,-65.6875,-11.5625,-73.9375,-16.5625,-75.25,-18.6875,-70.289,-10.768333333333336,-107.47283333333333,-30.253833333333333,0,0,0,0,0,0,0,0,0,0,0,0,0,0,0,0,0,0,0,0,0,0,0,,0.0,0.0,0.0,1.0,0.008650238,0.2114365739999999
2023-03-26 17:29:51,11,3650,11,3,-65.65625,-9.15625,-77.25,-18.9375,-80.6875,-21.4375,-63.70583333333334,-10.597833333333334,-131.388,-35.32816666666667,0,0,0,0,0,0,0,0,0,0,0,0,0,0,0,0,0,0,0,0,0,0,0,,0.0,0.0,0.0,1.0,0.00860525399999999,0.21222326000000005
2023-03-26 17:29:52,11,3650,11,0,-65.65625,-9.15625,0,0,0,0,-70.46971428571428,-10.65742857142857,-121.90514285714286,-35.085857142857144,0,0,0,0,0,0,0,0,0,0,0,0,0,0,0,0,0,0,0,0,0,0,0,,0.0,0.0,0.0,1.0,0.008250108000000008,0.21325498400000015
2023-03-26 17:29:53,11,3650,11,3,-68.375,-8.375,-77.375,-18.8125,-78.5,-19.3125,-73.052,-11.057166666666667,-96.75319999999999,-20.223399999999998,-109.85666666666664,-21.89033333333333,0,0,0,0,0,0,0,0,0,0,0,0,0,0,0,0,0,0,0,0,0,,0.0,0.0,0.0,1.0,0.009000100000000002,0.21308467600000008
2023-03-26 17:29:54,11,3650,11,3,-64.25,-7.5,-73.9375,-17.5625,-77.5,-20.4375,-72.95066666666666,-10.979,-94.758,-29.516,-138.86399999999998,-35.056200000000004,0,0,0,0,0,0,0,0,0,0,0,0,0,0,0,0,0,0,0,0,0,,0.0,0.0,0.0,1.0,0.008646979999999993,0.21228007200000013
2023-03-26 17:29:55,11,3650,11,3,-67.125,-7.75,-79.28125,-19.53125,-81.84375,-22.21875,-68.72266666666665,-10.614666666666666,0,0,0,0,0,0,0,0,0,0,0,0,0,0,0,0,0,0,0,0,0,0,0,0,0,,0.0,0.0,0.0,1.0,0.009086393999999994,0.21281963199999981
2023-03-26 17:29:56,11,3650,11,0,-67.125,-7.75,0,0,0,0,-73.989,-11.252285714285714,-71.922,-11.237,0,0,0,0,0,0,0,0,0,0,0,0,0,0,0,0,0,0,0,0,0,0,0,,0.0,0.0,0.0,1.0,0.009095126000000002,0.21307806399999976
2023-03-26 17:29:57,130,3650,11,4,-77.40972222222223,-17.875,-63.1484375,-11.15625,-73.48611111111111,-21.555555555555557,-72.7905,-13.0405,-68.47533333333332,-11.967333333333334,-92.505,-19.151,0,0,0.367184,0,0,0,0,0,0.990341,0,0,0,0.842676,0,0,0,0,0,0,0,0.842676,,0.0,0.0,0.0,1.0,0.008995842,0.212301162
2023-03-26 17:29:58,130,3650,130,2,-61.65,-8.7,-75.7,-20.8375,-76.975,-21.5125,-70.88533333333334,-12.733166666666667,-66.0155,-11.922,-76.1995,-15.3865,0,0,0,0,0,0.653106,0,0,0,0,0,0,0,0,0,0,0.697677,0,0,0,0,,0.454,0.002,0.0,0.998,0.009847234432234437,0.2152848296593187
2023-03-26 17:29:59,130,3650,130,2,-69.40625,-9.03125,-76.90625,-19.34375,-79.15625,-20.96875,-80.26683333333334,-13.864500000000001,-83.50016666666666,-16.371166666666667,-83.98966666666666,-13.541666666666666,0,0,0,0,0,0,0,0,0,0,0,0,0,0,0,0,0,0,0,0,0,,0.0,0.0,0.0,1.0,0.010875075999999996,0.21926141799999993
2023-03-26 17:30:00,130,3650,6,4,-84.203125,-12.609375,-84.33333333333333,-15.3125,-84.70833333333333,-15.625,-103.77671428571429,-22.852571428571427,-90.352,-17.727,-91.07816666666668,-17.049333333333333,0,0,0,0,0,0.693096,0,0,0,0,0,0,0,0,0,0,0.831646,0,0,0,0,,0.0,0.0,0.0,1.0,0.011522864000000013,0.21420425599999995
2023-03-26 17:30:01,130,3650,55,6,-84.28571428571429,-13.026785714285714,-85.3125,-15.75,-87.70535714285714,-17.107142857142858,-100.818,-20.81942857142857,-88.96849999999999,-15.682333333333332,-89.13271428571429,-15.805857142857144,0,0,0,0,0,0.81307,0,0,0,0,0,0,0,0,0,0,0.836616,0,0,0,0,,0.0,0.004,0.07,0.996,0.02544284399999997,0.21904383935742963
2023-03-26 17:30:02,130,3650,55,7,-82.9375,-12.979166666666666,-84.5,-15.395833333333334,-86.75,-17.46875,-89.80333333333333,-17.283833333333334,-83.86449999999999,-13.350333333333333,-90.20320000000001,-17.108,0,0,0,0,0,0,0,0,0,0,0,0,0,0,0,0,0,0,0,0,0,,0.164,0.022,0.41,0.978,0.10633990430622015,0.2303315419222905
2023-03-26 17:30:03,130,3650,3,5,-82.0,-13.46875,-83.765625,-14.90625,-87.390625,-18.359375,-79.15742857142857,-13.196571428571428,-81.469,-12.129000000000001,-90.438,-17.172,0,0,0,0,0,0.233094,0,0,0,0,0,0,0,0,0,0,0.267694,0,0,0,0,,0.032,0.018,0.542,0.982,0.1277843574380165,0.23865090427698582
2023-03-26 17:30:04,130,3650,3,0,-82.0,-13.46875,0,0,0,0,-75.61733333333333,-11.256499999999997,-95.71466666666667,-22.860666666666663,-105.71633333333334,-23.640666666666664,0,0,0,0,0,0,0,0,0,0,0,0,0,0,0,0,0,0,0,0,0,,0.0,0.0,0.0,1.0,0.011951307999999989,0.214098936
2023-03-26 17:30:05,130,3650,3,6,-78.1875,-10.3125,-85.1875,-17.375,-85.25,-20.0,-73.478,-10.764333333333335,-84.9874,-18.034399999999998,-108.8656,-24.4704,0,0,0,0,0,0,0,0,0,0,0,0,0,0,0,0,0,0,0,0,0,,0.0,0.0,0.0,1.0,0.008600667999999994,0.21496119399999986
2023-03-26 17:30:06,130,3650,3,6,-59.40625,-7.84375,-68.6875,-20.09375,-69.34375,-20.34375,-75.28242857142858,-12.642857142857142,-73.02014285714286,-13.684142857142858,-124.703,-32.508,0,0,0,0,0,0,0,0,0,0,0,0,0,0,0,0,0,0,0,0,0,,0.0,0.0,0.0,1.0,0.00887636,0.21491297199999998
2023-03-26 17:30:07,130,3650,3,0,-59.40625,-7.84375,0,0,0,0,-76.39583333333334,-13.405000000000001,-77.05466666666668,-13.467333333333334,-82.703,-19.1875,0,0,0,0,0,0,0,0,0,0,0,0,0,0,0,0,0,0,0,0,0,,0.0,0.0,0.0,1.0,0.009476066000000005,0.2133653059999999
2023-03-26 17:30:08,130,3650,3,5,-60.75,-9.6875,-67.6875,-19.875,-68.5,-20.8125,-74.802,-14.639333333333331,-71.66133333333333,-12.617166666666668,-101.2016,-23.2702,0,0,0,0,0,0,0,0,0,0,0,0,0,0,0,0,0,0,0,0,0,,0.0,0.0,0.0,1.0,0.008143313999999997,0.21410254400000014
2023-03-26 17:30:09,130,3650,3,5,-59.0,-8.125,-66.6875,-19.25,-67.875,-20.0,-74.944,-14.433666666666667,-70.17949999999999,-11.134,0,0,0,0,0,0,0,0,0,0,0,0,0,0,0,0,0,0,0,0,0,0,0,,0.0,0.0,0.0,1.0,0.008986227999999999,0.21288858200000013
2023-03-26 17:30:10,130,3650,3,5,-66.3125,-8.0,-78.25,-20.46875,-78.8125,-20.59375,-74.83342857142857,-13.090285714285713,-74.42628571428573,-12.135142857142856,0,0,0,0,0,0,0,0,0,0,0,0,0,0,0,0,0,0,0,0,0,0,0,,0.0,0.0,0.0,1.0,0.008837661999999996,0.213034186
2023-03-26 17:30:11,130,3650,3,5,-72.375,-9.4375,-79.4375,-18.75,-81.4375,-20.5,-76.91283333333332,-12.134166666666667,-81.294,-14.877333333333333,0,0,0,0,0,0,0,0,0,0,0,0,0,0,0,0,0,0,0,0,0,0,0,,0.0,0.0,0.0,1.0,0.007843568000000004,0.21409251302605203
2023-03-26 17:30:12,130,3650,3,0,-72.375,-9.4375,0,0,0,0,-78.02216666666666,-11.885499999999999,-84.26833333333333,-15.907499999999999,-100.4375,-20.1015,0,0,0,0,0,0,0,0,0,0,0,0,0,0,0,0,0,0,0,0,0,,0.0,0.0,0.0,1.0,0.0080450380761523,0.21414813399999988
2023-03-26 17:30:13,130,3650,3,5,-75.9375,-9.75,-86.375,-19.3125,-87.0625,-20.1875,-80.13416666666667,-11.854333333333331,-85.21216666666668,-14.9765,-102.50783333333334,-22.664,0,0,0,0,0,0,0,0,0,0,0,0,0,0,0,0,0,0,0,0,0,,0.0,0.0,0.0,1.0,0.008462782000000004,0.2144873260000001
2023-03-26 17:30:14,130,3650,3,5,-80.47916666666667,-12.291666666666666,-76.85416666666667,-13.479166666666666,-83.70833333333333,-18.520833333333332,-84.83357142857143,-14.69757142857143,-77.75800000000001,-11.8858,-97.1445,-19.355500000000003,0,0,0,0,0,0,0,0,0,0,0,0,0,0,0,0,0,0,0,0,0,,0.0,0.0,0.0,1.0,0.008828266000000003,0.21230354799999998
2023-03-26 17:30:15,122,3650,3,5,-76.72916666666667,-11.8125,-79.5,-13.5625,-81.390625,-13.828125,-88.1055,-19.023499999999995,-75.22016666666666,-11.242166666666664,0,0,0,0,0.177527,0,0,0.973056,0,0,0.360276,0,0,0,0.247553,0,0,0,0,0,0,0,0.247553,,0.0,0.002,0.0,0.998,0.011885414000000002,0.21633158116232487
2023-03-26 17:30:16,122,3650,122,3,-74.15625,-9.9375,-77.5,-16.03125,-79.0,-20.03125,-75.71483333333333,-10.907499999999999,-96.16166666666668,-22.550833333333333,0,0,0,0,0,0,0,0,0,0,0,0,0,0,0,0,0,0,0.020514,0,0,0,0,,0.0,0.0,0.0,1.0,0.012219067999999994,0.21611120999999997
2023-03-26 17:30:17,122,3650,122,3,-70.75,-8.1875,-81.5,-16.9375,-82.125,-19.3125,-74.97,-10.845999999999998,-109.17285714285711,-26.165142857142854,0,0,0,0,0,0,0,0,0,0,0,0,0,0,0,0,0,0,0,0,0,0,0,,0.0,0.0,0.0,1.0,0.008305407999999999,0.21317676800000004
2023-03-26 17:30:18,122,3650,122,3,-66.125,-11.1875,-73.3125,-17.1875,-76.875,-20.3125,-72.6535,-10.65,-128.8156,-33.6296,0,0,0,0,0,0,0,0,0,0,0,0,0,0,0,0,0,0,0,0,0,0,0,,0.0,0.0,0.0,1.0,0.009112639999999997,0.21333221199999983
2023-03-26 17:30:19,122,3650,122,2,-66.5,-10.3125,-75.6875,-20.3125,-82.0625,-21.3125,-73.95566666666666,-10.7435,-84.69533333333332,-16.84133333333333,0,0,0,0,0,0,0,0,0,0,0,0,0,0,0,0,0,0,0,0,0,0,0,,0.0,0.0,0.0,1.0,0.007882038000000001,0.21374644199999981
2023-03-26 17:30:20,122,3650,122,3,-69.6875,-10.75,-77.625,-19.625,-78.0,-19.6875,-75.93366666666667,-10.984166666666667,-81.42066666666666,-15.986833333333331,0,0,0,0,0,0,0,0,0,0,0,0,0,0,0,0,0,0,0,0,0,0,0,,0.0,0.0,0.0,1.0,0.00859147600000001,0.2130769500000001
2023-03-26 17:30:21,122,3650,122,3,-67.0625,-10.6875,-79.4375,-18.8125,-81.5,-20.25,-80.15628571428572,-11.780000000000001,-85.92642857142857,-16.32042857142857,0,0,0,0,0,0,0,0,0,0,0,0,0,0,0,0,0,0,0,0,0,0,0,,0.0,0.0,0.0,1.0,0.009627385999999996,0.21349319399999986
2023-03-26 17:30:22,122,3650,122,3,-77.5,-9.3125,-89.375,-19.6875,-91.375,-21.375,-82.69,-11.411499999999998,-93.01149999999998,-17.4025,0,0,0,0,0,0,0,0,0,0,0,0,0,0,0,0,0,0,0,0,0,0,0,,0.0,0.0,0.0,1.0,0.00905465399999999,0.2135003860000001
2023-03-26 17:30:23,122,3650,122,0,-77.5,-9.3125,0,0,0,0,-88.57799999999997,-12.113333333333335,-92.59616666666666,-16.55216666666667,-103.43549999999999,-18.748,0,0,0,0,0,0,0,0,0,0,0,0,0,0,0,0,0,0,0,0,0,,0.0,0.0,0.0,1.0,0.009193774000000009,0.21351577399999994
2023-03-26 17:30:24,122,3650,122,3,-87.46875,-13.21875,-89.5,-17.0,-93.21875,-20.15625,-95.85549999999999,-15.4805,-94.79666666666667,-15.699333333333335,-97.97916666666667,-18.067666666666668,0,0,0,0,0,0,0,0,0,0,0,0,0,0,0,0,0,0,0,0,0,,0.0,0.0,0.0,1.0,0.009144819999999991,0.21356421799999983
2023-03-26 17:30:25,122,3650,122,2,-89.5,-14.375,-91.03125,-16.15625,-96.5,-20.5625,-100.16414285714286,-19.707571428571423,-93.77114285714286,-16.724285714285713,-94.16728571428573,-16.767857142857142,0,0,0,0,0,0.933033,0,0,0,0,0,0,0,0,0,0,0,0,0,0,0,,0.0,0.0,0.0,1.0,0.008801901999999997,0.21384838199999984
2023-03-26 17:30:26,122,3650,386,4,-90.6015625,-15.3515625,-90.0625,-14.65625,-90.1484375,-15.484375,-93.258,-16.185000000000002,-91.36583333333333,-15.153666666666666,-95.03000000000002,-17.647333333333332,0,0,0,0,0,0.013046,0,0,0,0,0,0,0,0,0,0,0.062623,0,0,0,0,,0.0,0.0,0.066,1.0,0.020275132000000005,0.21660515000000002
2023-03-26 17:30:27,122,3650,386,3,-90.0,-14.75,-88.1875,-12.875,-89.6875,-14.65625,-92.99216666666666,-15.936166666666665,-92.61066666666666,-15.192666666666668,-94.84383333333334,-17.665333333333333,0,0,0,0,0,0,0,0,0,0,0,0,0,0,0,0,0,0,0,0,0,,0.0,0.0,0.0,1.0,0.014854756000000009,0.2141645619999999
2023-03-26 17:30:28,178,3650,386,5,-89.625,-14.453125,-90.203125,-12.984375,-91.3125,-16.3125,-94.88485714285714,-16.335857142857144,-94.96985714285714,-15.85142857142857,-95.93633333333334,-16.235833333333336,0,0,0.267184,0,0,0,0,0,0,0,0,0,0.402148,0,0,0,0,0,0,0,0.402148,,0.0,0.002,0.0,0.998,0.020332570000000015,0.2183694188376753
2023-03-26 17:30:29,178,3650,386,4,-89.625,-14.09375,-90.65625,-14.78125,-90.78125,-16.28125,-93.85166666666667,-16.10683333333333,-93.61066666666666,-15.778666666666666,-95.625,-17.790499999999998,0,0,0,0,0,0,0,0,0,0,0,0,0,0,0,0,0,0,0,0,0,,0.002,0.0,0.082,1.0,0.027620336673346693,0.21414673800000003
2023-03-26 17:30:30,178,3650,386,3,-88.0625,-14.1875,-90.0625,-17.375,-92.5,-17.9375,-94.02083333333333,-16.302,-93.52483333333333,-15.4325,-93.88799999999999,-15.760333333333334,0,0,0,0,0,0,0,0,0,0,0,0,0,0,0,0,0,0,0,0,0,,0.0,0.0,0.0,1.0,0.01587354999999999,0.21377535600000017
2023-03-26 17:30:31,178,3650,386,4,-87.34375,-14.59375,-89.15625,-17.625,-92.0625,-21.4375,-93.93985714285714,-16.176428571428573,-93.37042857142856,-15.230714285714283,-94.6906,-15.784199999999998,0,0,0,0,0,0,0,0,0,0,0,0,0,0,0,0,0,0,0,0,0,,0.0,0.0,0.0,1.0,0.020010174000000006,0.21500259599999985
2023-03-26 17:30:32,178,3650,386,3,-87.875,-15.354166666666666,-88.625,-15.958333333333334,-89.85416666666667,-15.604166666666666,-93.754,-15.958499999999999,-92.63933333333331,-14.774833333333333,-94.75150000000001,-16.147000000000002,0,0,0,0,0,0,0,0,0,0,0,0,0,0,0,0,0,0,0,0,0,,0.0,0.0,0.0,1.0,0.020718004000000005,0.21453042199999994
2023-03-26 17:30:33,178,3650,386,0,-87.875,-15.354166666666666,0,0,0,0,-91.15883333333333,-14.619666666666667,-93.27616666666665,-15.412666666666667,-95.38033333333334,-17.908666666666665,0,0,0,0,0,0,0,0,0,0,0,0,0,0,0,0,0,0,0,0,0,,0.0,0.0,0.062,1.0,0.030767040000000013,0.21479973000000013
2023-03-26 17:30:34,178,3650,386,3,-90.125,-15.8125,-88.25,-15.0625,-89.6875,-16.5,-91.17866666666667,-14.535166666666669,-91.13683333333334,-14.711,-98.42066666666666,-19.871333333333336,0,0,0,0,0,0,0,0,0,0,0,0,0,0,0,0,0,0,0,0,0,,0.0,0.0,0.0,1.0,0.023213729999999978,0.21436375800000013
2023-03-26 17:30:35,178,3650,386,3,-88.95833333333333,-14.916666666666666,-88.1875,-15.333333333333334,-88.60416666666667,-15.979166666666666,-93.20071428571428,-15.290285714285712,-92.77342857142858,-14.637285714285715,-94.531,-16.83066666666667,0,0,0,0,0,0,0,0,0,0,0,0,0,0,0,0,0,0,0,0,0,,0.0,0.0,0.0,1.0,0.01918844600000001,0.2140449239999999
2023-03-26 17:30:36,178,3650,386,3,-88.0625,-13.75,-90.84375,-17.53125,-91.15625,-17.90625,-94.73033333333335,-16.152333333333335,-93.0235,-14.692833333333335,-97.83083333333333,-17.915333333333333,0,0,0,0,0,0,0,0,0,0,0,0,0,0,0,0,0,0,0,0,0,,0.0,0.0,0.0,1.0,0.018831675999999995,0.21469677199999984
